ID,EndingString,Karma_Rate,EndingCutScene_ID,BG_ID,SFX_ID,Text_Kr,Text_En,Direction,Fade_Out_Color
50001,1001,,20000000001,100000004,0,전쟁을 승리로 이끈 나는 전쟁 영웅이 되었고 작위를 수여 받기위해 폐하를 알현 하러 간다.,,Fade_In,
50002,1001,,20000000001,100000004,0,갑자기 멈춘 마차. 그리고 마차위로 두건을 쓴 의문의 사람이 올라탄다.,,,
50003,1001,,20000000002,100000004,0,지휘관. 아직 실험이 끝나지 않았어.,,Fade_In,
50004,1001,,20000000002,100000004,0,두건을 벗자 나를 보며 비릿한 웃음을 짓는 슈뢰딩거 박사가 보인다.,,,
50005,1001,,20000000002,100000004,0,그를 잡기위해 뻗은 손이 무색하게 점점 아래로 내려간다.,,,
50006,1001,,20000000002,100000004,1000000014,점점.. 내 눈이 감긴다.,,Fade_Out,Black
50007,1001,,20000000003,100000004,0,위험한 전쟁 속 나는 내 가치를 증명 해 냈다.,,Fade_In,
50008,1001,,20000000003,100000004,0,전쟁영웅이란 명칭과 함께나에게 수여될 작위를 받기위해 폐하를 알현하러 간다.,,,
50009,1001,,20000000003,100000004,0,그전에 잠시 커피나 한잔 할 겸 난 마차에서 내린다.,,,
50010,1001,,20000000004,100000004,0,지휘관. 자네 방식은 아직 부족해.,,Fade_In,
50011,1001,,20000000004,100000004,0,뒤를 돌자 마차 위에 앉아 있는 슈뢰딩거 박사가날 내려다 보고 있다.,,,
50012,1001,,20000000004,100000004,1000000014,점점 눈이 감기며.. 몸이 중심을 잃고 무너진다.,,Fade_Out,Black
50013,1001,,20000000005,100000004,0,역사는 승자의 손으로 쓰여진다.,,Fade_In,
50014,1001,,20000000005,100000004,0,내 손에 묻은 이 수많은 이의 피는 붉은 잉크가 되어프란츠 제국의 위대함을 알리리.,,,
50015,1001,,20000000005,100000004,0,방식은 상관 없다. 난 승자다.,,,
50016,1001,,20000000006,100000004,0,"지휘관. 자네는 선을 넘었고, 다시 한번 기회를 주지.",,Fade_In,
50017,1001,,20000000006,100000004,0,"밤 커튼이 달빛에 흩날릴 때,그 사이로 차가운 표정의 슈뢰딩거 박사가 보인다.",,,
50018,1001,,20000000006,100000004,1000000014,그를 잡기 위해 띄운 내 다리는 곧 지면에 추락해 무너지며 눈이 감긴다.,,Fade_Out,Black
50019,1001,,20000000007,100000005,0,전쟁은 서로 큰 손상만을 남기고 휴전이라는 애매한 결말을 남겼다.,,,
50020,1001,,20000000007,100000005,0,나의 공로는 인정받았지만.. 지긋지긋하다.,,,
50021,1001,,20000000007,100000005,0,나는 군인을 그만 두고 고향으로 돌아가리.,,,
50022,1001,,20000000008,100000005,0,짐을 정리하던 중 나를 찾아온 슈뢰딩거 박사는 차나 한잔 하자고 한다.,,Fade_In,
50023,1001,,20000000008,100000005,0,자네.. 근데 아직 승리하지 못하지 않은가?,,,
50024,1001,,20000000008,100000005,0,슈뢰딩거 박사의 은은한 미소진 얼굴이 점점 흐려지며 번진다.,,,
50025,1001,,20000000008,100000005,1000000014,내.. 눈이 서서히 감기고 고개가 책상위로 떨어진다.,,Fade_Out,Black
50026,1001,,20000000009,100000005,0,전쟁은 서로에게 씻을 수 없는 상처만을 남긴다.,,Fade_In,
50027,1001,,20000000009,100000005,0,분명 나도 누군가에게 큰 상처를 남겼을 것이다.,,,
50028,1001,,20000000009,100000005,0,이를 평생 속죄하며 살아가야 하지 않겠는가…,,,
50029,1001,,20000000010,100000005,0,지휘관. 자네랑 신부복은 안어울리는구만..아직 그대는 승리하지 못했네.,,Fade_In,
50030,1001,,20000000010,100000005,0,교회에서 기도를 마치고 나온 내 앞에 슈뢰딩거 박사가 서있다.,,,
50031,1001,,20000000010,100000005,1000000014,세상이 점점 기울고 나는 곧 어깨와 머리에 통증을 느끼며 눈이 감긴다.,,Fade_Out,Black
50032,1001,,20000000011,100000005,0,이 전쟁에 모두가 범죄자다.,,Fade_In,
50033,1001,,20000000011,100000005,0,그래. 나만 잘 못한게 아니다. 나만 나쁜게 아니다.,,,
50034,1001,,20000000011,100000005,0,모두가 손에 피를 묻혔다… 이것 때문에 내가 평생 감옥살이라는 건 말도 안된다.,,,
50035,1001,,20000000012,100000005,0,지휘관. 이 일을 만회 할 수 있는 기회를 준다면.. 아니 딱봐도 수락하겠군.,,Fade_In,
50036,1001,,20000000012,100000005,0,지휘도 명예도 잃은 내 초라한 모습 앞에 비웃듯 킥킥대는 슈뢰딩거 박사.,,,
50037,1001,,20000000012,100000005,1000000014,기회를 달란 말을 하기도 전에 내 몸은 앞으로 고꾸라지며 눈이 감긴다.,,Fade_Out,Black
50038,1001,,20000000013,100000006,0,그 동안의 전쟁은 프란츠의 병사들을 좀먹고 있었다.,,Fade_In,
50039,1001,,20000000013,100000006,0,우린 전력을 다했지만 패했다.,,,
50040,1001,,20000000014,100000006,0,하지만 이 전쟁에 있어 난 인간으로서 임했다.,,Fade_In,
50041,1001,,20000000014,100000006,0,저메니의 포로가 되었지만.. 짐승이 되었던 다른 이들과 달리 난 풀려날 수 있었다.,,,
50042,1001,,20000000015,100000006,0,지휘관. 내가 이전에 말했지. 이길 때까지 전쟁을 계속하게 해준다고.,,Fade_In,
50043,1001,,20000000015,100000006,0,풀려난 내앞에 멀끔한 양복을 차려입은 슈뢰딩거 박사는 사람좋은 미소를 보인다.,,,
50044,1001,,20000000015,100000006,1000000014,전쟁은 더 이상 사양이다.. 그러나 입에서 아니라는 말이 나오기도 전에 세상이 흐려지다 암전된다.,,Fade_Out,Black
50045,1001,,20000000017,100000006,0,전쟁 범죄? 이미 죽고 죽이는 전쟁에서 누가 덜하고 누가 더했는가가 뭐가 중요한가.,,Fade_In,
50046,1001,,20000000016,100000006,0,하지만 인간으로서의 최소한.. 그 최소한도 지키지 못한 자들의 말로가 저리 비참하다.,,Fade_In,
50047,1001,,20000000016,100000006,0,내눈 앞에 고개숙여 끌려가는 짐승들. 나는 다르다. 나는 최소한 인간으로서의 도리는 다했다.,,,
50048,1001,,20000000017,100000006,0,그런데도 30년을 옥살이를 하라니… 저메니.. 이 위선적인 놈들..,,Fade_In,
50049,1001,,20000000018,100000006,0,다시한다면 더 나은 결말을 만들 수 있을 것 같나? 지휘관?,,,
50050,1001,,20000000018,100000006,0,나는 슈뢰딩거 박사의 한줄기 빛 같은 저 말에 미친듯이 고개를 흔든다.,,,
50051,1001,,20000000018,100000006,1000000014,내 눈앞의 빛들이 점점 번지다 어두워진다.,,Fade_Out,Black
50052,1001,,20000000019,100000006,0,최악의 전쟁 범죄자. 그게 나다. 단 3년만에 수십만명을 학살한 범죄자.,,Fade_In,
50053,1001,,20000000019,100000006,0,말은 바로 해야지.. 저메니 놈들.. 마치 저들 손에는 피가 안 묻은듯 고결하게 말한다.,,,
50054,1001,,20000000019,100000006,0,역겨운 놈들.. 역겨운 놈들.. 읊으며 오늘도 폐허가 된 건물에 숨어들어 음식이 있나 찾아본다.,,,
50055,1001,,20000000020,100000006,1000000016,이야 지휘관.. 꼴이 말이 아니구만. 흐히히히히헤헤헤헤 학살자의 말로!,,Fade_In,
50056,1001,,20000000020,100000006,1000000004,나를 조롱하듯 비릿한 웃음을 진 슈뢰딩거 박사는 연신 킥킥대더니 보란듯이 심장에 총알을 박아 넣었다.,,,
50057,1001,,20000000021,100000006,0,다시 한번 기회를 줄테니.. 실망시키지 말라고. 어이,,Fade_In,
50058,1001,,20000000021,100000006,0,가슴으로 부터 시작해 뜨거워지는 느낌. 그리고 내 머리를 툭툭 차는 가죽 구두의 촉감. 손목이… 손목이 아파온다… 눈이..감긴다.,,Fade_Out,Red
