AnswerID,Text_KR,Text_EN,NextTextID,AnswerReward,Font_Direction,Ending_Memoriar,Counting_for_RealEnding2,Counting_for_RealEnding3
100001,‘조금 두려운데..’,,10002,,2000009,FALSE,FALSE,FALSE
100002,‘드디어 내게도 기회가..’,,10003,,2000009,FALSE,FALSE,FALSE
100003,옷 매무새를 다듬는다.,,10004,,,FALSE,FALSE,FALSE
100004,목소리를 가다듬는다.,,10004,,,FALSE,FALSE,FALSE
100005,저기..,,10005,,,FALSE,FALSE,FALSE
100006,크흠.,,10005,,,FALSE,FALSE,FALSE
100007,“그래 잘 부탁한다.”,,10006,,,FALSE,FALSE,FALSE
100008,“너무 굳어 있지 말게”,,10006,,,FALSE,FALSE,FALSE
100009,“날 찾아온 사람?”,,10007,,,FALSE,FALSE,FALSE
100010,‘누구지?’,,10007,,,FALSE,FALSE,FALSE
100011,“누구시죠?”,,10008,,,FALSE,FALSE,FALSE
100012,“제가 아는 분 이신가요?”,,10008,,,FALSE,FALSE,FALSE
100013,“아..네”,,10009,,,FALSE,FALSE,FALSE
100014,“잘 부탁드립니다..”,,10009,,,FALSE,FALSE,FALSE
100015,“병과학전략화사령부 말씀이시죠?”,,10010,,,FALSE,FALSE,FALSE
100016,“과학 전략.. 사령부 였나…”,,10010,,,FALSE,FALSE,FALSE
100017,“그게 무슨 말씀 이신지..?”,,10011,,,FALSE,FALSE,FALSE
100018,“알겠으니까 손 좀 놓아 주시죠.”,,10011,,,FALSE,FALSE,FALSE
100019,슈뢰딩거 박사를 바라본다.,,10012,,2000009,FALSE,FALSE,FALSE
100020,손끝을 바라본다.,,10013,,2000009,FALSE,FALSE,FALSE
100021,‘이상한 사람이다.’,,,,,FALSE,FALSE,FALSE
100022,‘일이나 해야겠다.’,,,,,FALSE,FALSE,FALSE
100023,“홍차로 부탁하지.”,,10015,,2000009,FALSE,FALSE,FALSE
100024,“커피로 부탁하지”,,10016,,2000009,FALSE,FALSE,FALSE
100025,“이거 좋은 차군”,,10017,,,FALSE,FALSE,FALSE
100026,“다과랑도 잘 어울리는 군”,,10017,,,FALSE,FALSE,FALSE
100027,‘이건 뭐…흙물인가…’,,10017,,,FALSE,FALSE,FALSE
100028,‘그냥 다과만 먹어야 겠군…’,,10017,,,FALSE,FALSE,FALSE
100029,피에르 소위에 대해 묻는다.,,10018,,2000009,TRUE,FALSE,FALSE
100030,슈뢰딩거 박사에 대해 묻는다.,,10019,,2000009,TRUE,FALSE,FALSE
100031,“자네도 고생이 많군.”,,10020,,,FALSE,FALSE,FALSE
100032,“많이 힘들었겠구만 그래”,,10020,,,FALSE,FALSE,FALSE
100033,"‘나와 같은 날, 같은 부대라..’",,10020,,,FALSE,FALSE,FALSE
100034,‘우연..이겠지?’,,10020,,,FALSE,FALSE,FALSE
100035,현재 전세에 대해 이야기한다.,,10021,,2000009,FALSE,FALSE,FALSE
100036,부대의 병기에 관한 이야기를 한다.,,10022,,2000009,FALSE,FALSE,FALSE
100037,“있지만?”,,10023,,,FALSE,FALSE,FALSE
100038,“무슨 문제라도 있나?”,,10023,,,FALSE,FALSE,FALSE
100039,“하지만?”,,10023,,,FALSE,FALSE,FALSE
100040,“무슨 문제라도 있나?”,,10023,,,FALSE,FALSE,FALSE
100041,“그건 내가 해결해 보겠네”,,10024,,,FALSE,FALSE,FALSE
100042,“내가 그쪽에 아는 사람이 있으니..”,,10024,,,FALSE,FALSE,FALSE
100043,“장 미셸..”,,10025,,,FALSE,FALSE,FALSE
100044,“그 녀석 이라면..”,,10025,,,FALSE,FALSE,FALSE
100045,“그래 맞네.”,,10026,,,FALSE,FALSE,FALSE
100046,고개를 끄덕인다.,,10026,,,FALSE,FALSE,FALSE
100047,휴대용 전화기를 꺼내어 전화번호를 살핀다.,,,,,FALSE,FALSE,FALSE
100048,홀로그램 통신 장비를 켜 전화번호를 살핀다.,,,,,FALSE,FALSE,FALSE
100049,“오랜만이군.”,,10028,,,FALSE,FALSE,FALSE
100050,“잘지냈나?”,,10028,,,FALSE,FALSE,FALSE
100051,“자네 도움이 필요하네.”,,10029,,,FALSE,FALSE,FALSE
100052,“조국을 위한 일이네.”,,10029,,,FALSE,FALSE,FALSE
100053,“무슨말이 하고 싶은건가.”,,10030,,,FALSE,FALSE,FALSE
100054,“말이 심하군.”,,10030,,,FALSE,FALSE,FALSE
100055,“자네에게 인정 받고자 이곳에 온게 아니네.”,,10031,,,FALSE,FALSE,FALSE
100056,“난 조국을 위해 이곳에 온것 뿐이야.”,,10031,,,FALSE,FALSE,FALSE
100057,“시답잖은 질투는 집어치워!”,,10032,,2000009,TRUE,FALSE,FALSE
100058,“나도 내게 과분한 자리라고 생각하네.”,,10039,,2000009,TRUE,FALSE,FALSE
100059,“그래”,,10033,,,FALSE,FALSE,FALSE
100060,“그럼 너에게 어울린다고 생각하는가?”,,10033,,,FALSE,FALSE,FALSE
100061,“말은 똑바로 하지 그래?”,,10034,,,FALSE,FALSE,FALSE
100062,“기가 차는군!”,,10034,,,FALSE,FALSE,FALSE
100063,계속 몰아세운다.,,10035,,2000009,FALSE,FALSE,FALSE
100064,이쯤 하도록 한다.,,10037,,2000009,FALSE,FALSE,FALSE
100065,“조국보다 개인의 사사로운 감정을 따지다니.”,,10036,,,FALSE,FALSE,FALSE
100066,“나도 너같은 놈의 도움은 필요 없다.”,,10036,,,FALSE,FALSE,FALSE
100067,거칠게 통신을 끊는다.,,,물자 20 하락,,FALSE,FALSE,FALSE
100068,욕설을 퍼붓는다.,,,물자 20 하락락,,FALSE,FALSE,FALSE
100069,“무례를 사과하겠네.”,,10038,,,FALSE,FALSE,FALSE
100070,“순간 감정이 격해졌네.”,,10038,,,FALSE,FALSE,FALSE
100071,“고맙네. 조국을 위한 일일세.”,,,물자 10 상승,,FALSE,FALSE,FALSE
100072,“우리의 사사로운 감정은 중요하지 않지.”,,,물자 10 상승,,FALSE,FALSE,FALSE
100073,“이 자리에 걸맞도록 노력하겠네.”,,10040,,,FALSE,FALSE,FALSE
100074,“그러니 지켜봐 줄 수 없겠는가?”,,10040,,,FALSE,FALSE,FALSE
100075,“정말 전선에 보급이 필요하네.”,,10041,,,FALSE,FALSE,FALSE
100076,“내가 도움을 요청할 수 있는건 자네 뿐이야.”,,10041,,,FALSE,FALSE,FALSE
100077,“자네의 인맥을 동원해 볼 수는 없는가?”,,10042,,2000009,TRUE,FALSE,FALSE
100078,“알고있네.. 많은 걸 바라는 건 아닐세.”,,10044,,2000009,TRUE,FALSE,FALSE
100079,“그리해 줄 수 있는가?”,,10043,,,FALSE,FALSE,FALSE
100080,“고맙네.”,,10043,,,FALSE,FALSE,FALSE
100081,“알고있네.”,,,"물자 40 상승,정치력 20 상승",,FALSE,FALSE,FALSE
100082,“자네의 공적은 확실히 전하겠네.”,,,"물자 40 상승,정치력 20 상승",,FALSE,FALSE,FALSE
100083,‘확실히 급한 물품들이군..’,,10045,,,FALSE,FALSE,FALSE
100084,‘그래도 턱없이 부족하다.’,,10045,,,FALSE,FALSE,FALSE
100085,“도와줘서 정말 고맙네.”,,,물자 20 상승,,FALSE,FALSE,FALSE
100086,“자네의 공적은 확실히 전하겠네.”,,,물자 20 상승,,FALSE,FALSE,FALSE
100087,“소위. 병사들은 어떤가?”,,10047,,,FALSE,FALSE,FALSE
100088,“병사들의 사기가 많이 떨어진것 같네만.”,,10047,,,FALSE,FALSE,FALSE
100089,“그들의 사기를 높일 방법이 필요하네.”,,10048,,2000009,FALSE,FALSE,FALSE
100090,“강도 높은 훈련으로 다시 정신무장을 시키도록.”,,10057,,2000009,FALSE,FALSE,FALSE
100091,‘연설이라…’,,10049,,,FALSE,FALSE,FALSE
100092,‘자신 없는데…’,,10049,,,FALSE,FALSE,FALSE
100093,‘그게 더.. 어려운거 같은데?’,,10050,,,FALSE,FALSE,FALSE
100094,‘더 부담 되는걸..’,,10050,,,FALSE,FALSE,FALSE
100095,힘있는 목소리로 연설을 시작한다.,,10051,,,TRUE,FALSE,FALSE
100096,과장된 동작을 하며 연설을 시작한다.,,10051,,,TRUE,FALSE,FALSE
100097,“전우들이여!”,,10052,,2000007,FALSE,FALSE,FALSE
100098,“프란츠의 아들들이여!”,,10052,,2000007,FALSE,FALSE,FALSE
100099,두팔을 활짝 벌리며 근엄한 눈빛을 보인다.,,10053,,,FALSE,FALSE,FALSE
100100,왼팔을 하늘을 향해 들며 결의에 찬 눈빛을 보인다.,,10053,,,FALSE,FALSE,FALSE
100101,굳고 단단한 목소리로 계속해서 연설한다.,,10054,,,FALSE,FALSE,FALSE
100102,호소력 짙은 목소리로 계속해서 연설한다.,,10054,,,FALSE,FALSE,FALSE
100103,병사들 한명한명 눈을 맞춘다.,,10055,,,FALSE,FALSE,FALSE
100104,마이크를 들고 단상 아래로 내려간다.,,10055,,,FALSE,FALSE,FALSE
100105,마이크를 내려놓고 육성으로 외친다.,,10056,,,FALSE,FALSE,FALSE
100106,멋있게 어깨에 걸친 옷을 펄럭인다.,,10056,,,FALSE,FALSE,FALSE
100107,‘병사들도 사기를 되찾은 것 같군.’,,,리더십 40 상승,,FALSE,FALSE,FALSE
100108,‘무사히 연설을 마쳐서 다행이야.’,,,리더십 40 상승,,FALSE,FALSE,FALSE
100109,“아니야. 강한 병사를 만들어야 한다!”,,10058,,2000009,TRUE,FALSE,FALSE
100110,“역시.. 그렇지?”,,10048,,2000009,TRUE,FALSE,FALSE
100111,병기 사용 훈련을 진행한다.,,10059,,2000009,FALSE,FALSE,FALSE
100112,신체 단련을 위한 극기훈련을 진행한다.,,10070,,2000009,FALSE,FALSE,FALSE
100113,‘불안한데..’,,10060,,,FALSE,FALSE,FALSE
100114,‘잘 지켜보자..’,,10060,,,FALSE,FALSE,FALSE
100115,"“박사, 그렇게 장전하면 안됩니다.”",,10061,,,FALSE,FALSE,FALSE
100116,지켜본다.,,10061,,,FALSE,FALSE,FALSE
100117,“제가 진행 하도록 하겠습니다.”,,10062,,,FALSE,FALSE,FALSE
100118,“박사는 좀 쉬시죠.”,,10062,,,FALSE,FALSE,FALSE
100119,‘전열…뭐였지?’,,10063,,2000009,FALSE,FALSE,FALSE
100120,“전열화학포는…”,,10067,,2000009,FALSE,FALSE,FALSE
100121,병사들에게 질문인 척 한다.,,10064,,2000009,FALSE,FALSE,FALSE
100122,박사 찬스를 사용한다.,,10065,,2000009,FALSE,FALSE,FALSE
100123,더 진행하면 곤란한 상황이 많을 것 같다.서둘러 끝낸다.,,,"리더십 40 하락, 병력 10 하락",2000009,FALSE,FALSE,FALSE
100124,안전 교육은 중요하다. 안전 교육을 시작한다.,,,병력 20 상승,2000009,FALSE,FALSE,FALSE
100125,지켜본다.,,10066,,,FALSE,FALSE,FALSE
100126,신난 박사를 진정 시킨다.,,10066,,,FALSE,FALSE,FALSE
100127,‘이런…’,,,병력 40 하락,,FALSE,FALSE,FALSE
100128,‘하…’,,,병력 40 하락,,FALSE,FALSE,FALSE
100129,병사들에게 탑승 훈련을 시킨다.,,10068,,2000009,FALSE,FALSE,FALSE
100130,이론이면 충분하지!,,10069,,2000009,FALSE,FALSE,FALSE
100131,‘훈련 성적이 좋은 병사들에게 포상이 필요하겠군.’,,,"리더십 10 상승,병력 20 상승",2000009,FALSE,FALSE,FALSE
100132,‘모두 수고 했으니 모두에게 포상을 줘야 겠군.’,,,리더십 10 상승,2000009,FALSE,FALSE,FALSE
100133,“자 훈련은 끝났으니 해산하도록!”,,,병력 10 상승,,FALSE,FALSE,FALSE
100134,“안전 훈련도 중요하다! 집중하도록!”,,,병력 20 상승,,FALSE,FALSE,FALSE
100135,“지금은 전시 상황이다!”,,10071,,,FALSE,FALSE,FALSE
100136,“약해빠진 정신은 곧 죽음이다!”,,10071,,,FALSE,FALSE,FALSE
100137,좀 더 강도를 높인다.,,10072,,2000009,FALSE,FALSE,FALSE
100138,지금 강도로도 충분하다.,,10079,,2000009,FALSE,FALSE,FALSE
100139,“낙오는 용납 못한다!”,,10073,,2000009,FALSE,FALSE,FALSE
100140,“낙오자들은 의무대로 옮기도록!”,,10076,,2000009,FALSE,FALSE,FALSE
100141,“정말 나약하군..”,,10074,,,FALSE,FALSE,FALSE
100142,“낙오된 병사들은 따로 모이도록!”,,10074,,,FALSE,FALSE,FALSE
100143,“약한 몸엔 약한 정신이 깃드는 법!”,,10075,,,FALSE,FALSE,FALSE
100144,“지금 여기서 전장에서는 죽음이다!”,,10075,,,FALSE,FALSE,FALSE
100145,“의무병!!”,,,"리더십 20 하락,병력 40 하락",,FALSE,FALSE,FALSE
100146,“지금 당장 의무대로!!”,,,"리더십 20 하락,병력 40 하락",,FALSE,FALSE,FALSE
100147,“지금의 훈련이 자네들에게 가혹 했는가?”,,10077,,,FALSE,FALSE,FALSE
100148,“훈련을 버티기 힘들었나?”,,10077,,,FALSE,FALSE,FALSE
100149,“자네들이 훈련을 받는 이유는 이기기 위해서네”,,10078,,,FALSE,FALSE,FALSE
100150,“자네들이 훈련을 받는 이유는 살아남기 위해서네.”,,10078,,,FALSE,FALSE,FALSE
100151,“우린 싸워서 이기고 이 역사속에 승자로서 이름을 남길걸세!”,,,"리더십 20 상승,병력 20 상승",,FALSE,FALSE,FALSE
100152,“우린 이 싸움에서 살아남고 가족들이 기다리는 집으로 돌아갈걸세!”,,,"리더십 20 상승,병력 20 상승",,FALSE,FALSE,FALSE
100153,“2소대의 피해는?”,,10080,,,FALSE,FALSE,FALSE
100154,“우리 병사들의 피해는 있는가?”,,10080,,,FALSE,FALSE,FALSE
100155,“포로들을 데려오게”,,10081,,,FALSE,FALSE,FALSE
100156,“포로들은 어디있는가?”,,10081,,,FALSE,FALSE,FALSE
100157,공포로 정보를 캐낸다.,,10082,,2000009,TRUE,FALSE,FALSE
100158,포용으로 정보를 캐낸다.,,10083,,2000009,TRUE,FALSE,FALSE
100159,“지금부터 물어보는 것에 대답 하지 않는다면..”,,,"리더십 10 상승,병력 20 상승,카르마 20 하락",,FALSE,FALSE,FALSE
100160,“한명씩 머리를 날리도록 하겠다.”,,,"리더십 10 상승,병력 20 상승,카르마 20 하락",,FALSE,FALSE,FALSE
100161,“너무 겁먹지 말게나..”,,,"리더십 20 상승,카르마 20 상승",,FALSE,FALSE,FALSE
100162,“우리도 괴물은 아냐.”,,,"리더십 20 상승,카르마 20 상승",,FALSE,FALSE,FALSE
100163,“저를 초청한 이유가 무엇인가요?”,,10085,,,FALSE,FALSE,FALSE
100164,‘사령부라고 하기엔 너무 어질러져 있는데..’,,10085,,,FALSE,FALSE,FALSE
100165,“제 몸상태요?”,,10086,,,FALSE,FALSE,FALSE
100166,“당혹스럽네요.”,,10086,,,FALSE,FALSE,FALSE
100167,“가끔 손끝이 찌릿하고 손목 통증이 있습니다.”,,10087,,2000009,FALSE,FALSE,FALSE
100168,“그런건 없습니다.”,,10108,,2000009,FALSE,FALSE,FALSE
100169,“그런건 못느꼈습니다.”,,10088,,,FALSE,FALSE,FALSE
100170,“지금 뭐하시는 겁니까?”,,10088,,,FALSE,FALSE,FALSE
100171,“제가 너무 예민했네요.”,,10089,,2000009,FALSE,FALSE,FALSE
100172,“박사는 기술개발을 하는 사람이지 의사는 아니잖습니까.”,,10100,,2000009,FALSE,FALSE,FALSE
100173,“그건 그렇고..지난번에 말하신..”,,10090,,,FALSE,FALSE,FALSE
100174,“이길 때까지 전쟁을 하게 해준다는게 무슨말인지..”,,10090,,,FALSE,FALSE,FALSE
100175,“성악설을 믿습니다.”,,10091,,2000009,FALSE,FALSE,FALSE
100176,“성선설을 믿습니다.”,,10096,,2000009,FALSE,FALSE,FALSE
100177,피해는 크지만 확실한 승리,,10092,,2000009,TRUE,FALSE,FALSE
100178,불확실한 승리여도 적은 피해를 우선,,10094,,2000009,TRUE,FALSE,FALSE
100179,"“네, 대의를 위한 희생은..”",,10093,,,FALSE,FALSE,FALSE
100180,“어쩔 수 없는 것 이죠.”,,10093,,,FALSE,FALSE,FALSE
100181,‘대체 무슨말이 하고 싶은 것일까..’,,,카르마 20 하락,,FALSE,FALSE,FALSE
100182,‘일단 지휘관실로 돌아가자’,,,카르마 20 하락,,FALSE,FALSE,FALSE
100183,“인간은 계속해서 더 나아지기위해..”,,10095,,,FALSE,FALSE,FALSE
100184,“노력하는 존재니까요.”,,10095,,,FALSE,FALSE,FALSE
100185,‘그래서 결국.. 기술 이야기는..’,,,카르마 10 상승,,FALSE,FALSE,FALSE
100186,‘하나도 안했네..’,,,카르마 10 상승,,FALSE,FALSE,FALSE
100187,“선한 것과 별개로..”,,10097,,,FALSE,FALSE,FALSE
100188,“악에 잘 물드는 존재라서 그런게 아닐까요?”,,10097,,,FALSE,FALSE,FALSE
100189,“그러지 않게 노력해야죠.”,,10098,,2000009,FALSE,FALSE,FALSE
100190,“상황에 따라 다르겠죠.”,,10099,,2000009,FALSE,FALSE,FALSE
100191,‘그래서 결국.. 기술 이야기는..’,,,카르마 10 상승,,FALSE,FALSE,FALSE
100192,‘하나도 안했네..’,,,카르마 10 상승,,FALSE,FALSE,FALSE
100193,‘대체 무슨말이 하고 싶은 것일까..’,,,,,FALSE,FALSE,FALSE
100194,‘일단 지휘관실로 돌아가자’,,,,,FALSE,FALSE,FALSE
100195,“생각해보니 제가 말이 심했습니다.”,,10089,,2000009,FALSE,FALSE,FALSE
100196,“기술이나 보여주시죠.”,,10101,,2000009,FALSE,FALSE,FALSE
100197,거대한 총구를 가진 총 앞에 선다.,,10102,,2000009,FALSE,FALSE,FALSE
100198,손바닥으로 가려질 정도의 총 앞에 선다.,,10105,,2000009,FALSE,FALSE,FALSE
100199,“이름이 좀..”,,10103,,,FALSE,FALSE,FALSE
100200,“그레네이드 런처는 어떤가요?”,,10103,,,FALSE,FALSE,FALSE
100201,“감사합니다.”,,10104,,,FALSE,FALSE,FALSE
100202,“혹시 이건 언제부터 사용가능할까요?”,,10104,,,FALSE,FALSE,FALSE
100203,“그럼 바로 생산 해주시죠.”,,,"물자 20 하락,병력 20 상승",2000009,FALSE,FALSE,FALSE
100204,“좀 더 생각해 보겠습니다.”,,,,2000009,FALSE,FALSE,FALSE
100205,“화력은 어느정도 입니까?”,,10106,,,FALSE,FALSE,FALSE
100206,“이거.. 살상력은 있는 겁니까?”,,10106,,,FALSE,FALSE,FALSE
100207,총이 너무 작아서 조준이 어렵다.,,10107,,,FALSE,FALSE,FALSE
100208,방아쇠에 손가락이 들어가지 않는다.,,10107,,,FALSE,FALSE,FALSE
100209,“장전도 한번에 탄환 한개만 가능하고..”,,,,,FALSE,FALSE,FALSE
100210,“병사들이 쓰기에 알맞지 않은 것 같습니다.”,,,,,FALSE,FALSE,FALSE
100211,“그건 그렇고..지난번에 말하신..”,,10109,,,FALSE,FALSE,FALSE
100212,“이길 때까지 전쟁을 하게 해준다는게 무슨말인지..”,,10109,,,FALSE,FALSE,FALSE
100213,“저는..국가를 위해서라면”,,10110,,,FALSE,FALSE,FALSE
100214,“뭐든지 할 수 있습니다.”,,10110,,,FALSE,FALSE,FALSE
100215,“하고 싶은 이야기가 뭡니까?”,,10111,,2000009,FALSE,FALSE,FALSE
100216,“박사는 지금 반역이라도 생각하는 겁니까?”,,10118,,2000009,FALSE,FALSE,FALSE
100217,“다릅니다.”,,10112,,2000009,FALSE,FALSE,FALSE
100218,“같습니다.”,,10115,,2000009,FALSE,FALSE,FALSE
100219,“그래서..”,,10113,,,FALSE,FALSE,FALSE
100220,“결론이 뭡니까?”,,10113,,,FALSE,FALSE,FALSE
100221,“그렇겠죠.”,,10114,,,FALSE,FALSE,FALSE
100222,“인간은 더욱 많이 생각하니까.”,,10114,,,FALSE,FALSE,FALSE
100223,‘내가…’,,,카르마 10 상승,,FALSE,FALSE,FALSE
100224,‘저런말을 했었나?’,,,카르마 10 상승,,FALSE,FALSE,FALSE
100225,“그야.. 같은 사람이라면..”,,10116,,,FALSE,FALSE,FALSE
100226,“가치관은 크게 변하지 않을 거니까요.”,,10116,,,FALSE,FALSE,FALSE
100227,“물론이죠”,,10117,,,FALSE,FALSE,FALSE
100228,“그건…”,,10117,,,FALSE,FALSE,FALSE
100229,‘대체 슈뢰딩거 박사는..’,,,,,FALSE,FALSE,FALSE
100230,‘무슨 생각인 걸까..’,,,,,FALSE,FALSE,FALSE
100231,“알고있습니다.”,,10119,,,FALSE,FALSE,FALSE
100232,“하지만 박사의 말은 적대감이 느껴집니다.”,,10119,,,FALSE,FALSE,FALSE
100233,‘확실히 박사는 속을 알기 어렵다.’,,10120,,,FALSE,FALSE,FALSE
100234,‘그런 사람은 아닌건 확실하다.’,,10120,,,FALSE,FALSE,FALSE
100235,속으로만 생각한다.,,10121,,2000009,FALSE,FALSE,FALSE
100236,대놓고 말한다.,,10122,,2000009,FALSE,FALSE,FALSE
100237,아무말 없이 사령부를 나온다.,,,,,FALSE,FALSE,FALSE
100238,대충 사과를 한뒤 서둘러 자리를 뜬다.,,,,,FALSE,FALSE,FALSE
100239,아무말 없이 사령부를 나온다.,,,,,FALSE,FALSE,FALSE
100240,대충 사과를 한뒤 서둘러 자리를 뜬다.,,,,,FALSE,FALSE,FALSE
100241,‘더 반복된다면..’,,10124,,,FALSE,FALSE,FALSE
100242,‘병사들의 사기만 계속 깎일거야.’,,10124,,,FALSE,FALSE,FALSE
100243,“그래. 알겠네.”,,10125,,,FALSE,FALSE,FALSE
100244,“흠흠.. 알겠네.”,,10125,,,FALSE,FALSE,FALSE
100245,“평안하셨습니까. 폐하.”,,10126,,,FALSE,FALSE,FALSE
100246,간단하게 목례한다.,,10126,,,FALSE,FALSE,FALSE
100247,“알겠습니다.”,,10127,,,FALSE,FALSE,FALSE
100248,“바로 본론으로 들어가겠습니다.”,,10127,,,FALSE,FALSE,FALSE
100249,“따라서 더 길게 끌면 위험하니.. 전면전을..”,,10128,,2000009,FALSE,FALSE,FALSE
100250,“좀 더 후방의 보급을 받아 현상황을 유지할 수 있게..”,,10146,,2000009,FALSE,FALSE,FALSE
100251,“사기가 떨어질 수록 저희의 승리 확률은 현저히 떨어집니다.”,,10129,,2000009,FALSE,FALSE,FALSE
100252,“유지한다면 거기에 들어가는 물자는 나라의 빚입니다.”,,10138,,2000009,FALSE,FALSE,FALSE
100253,“모든걸 쏟아부어야 이길 수 있을 것 입니다.”,,10130,,2000009,FALSE,FALSE,FALSE
100254,“진다해도 잃지만.. 이미 전쟁으로 많은 것을 잃었습니다.”,,10133,,2000009,FALSE,FALSE,FALSE
100255,“도박이 아닙니다.”,,10131,,,FALSE,FALSE,FALSE
100256,“나라를 지킬 최후의 선택인거죠.”,,10131,,,FALSE,FALSE,FALSE
100257,“폐하..!”,,10132,,,FALSE,FALSE,FALSE
100258,“제게 설득드릴 시간을..!”,,10132,,,FALSE,FALSE,FALSE
100259,“하…”,,,리더십 10 하락,,FALSE,FALSE,FALSE
100260,“그렇게 됐네…”,,,리더십 10 하락,,FALSE,FALSE,FALSE
100261,“그 평가를 뒤집는 겁니다.”,,10134,,2000009,FALSE,FALSE,FALSE
100262,“늦지 않았습니다.”,,10136,,2000009,FALSE,FALSE,FALSE
100263,“물론입니다. 이 선택으로..”,,10135,,,FALSE,FALSE,FALSE
100264,“승전으로 이끈 왕으로 기록 될 것 입니다.”,,10135,,,FALSE,FALSE,FALSE
100265,“네. 폐하.”,,,"물자 10 상승,병력 40 상승,정치력 10 상승",,FALSE,FALSE,FALSE
100266,“기대에 부응 하겠습니다.”,,,"물자 10 상승,병력 40 상승,정치력 10 상승",,FALSE,FALSE,FALSE
100267,“물론 입니다. 역사는..”,,10137,,,FALSE,FALSE,FALSE
100268,“승자가 기록하는 것 입니다.”,,10137,,,FALSE,FALSE,FALSE
100269,“감사합니다. 폐하”,,,"물자 40 상승,병력 10 상승,정치력 10 상승",,FALSE,FALSE,FALSE
100270,“기대에 보답 드리겠습니다.”,,,"물자 40 상승,병력 10 상승,정치력 10 상승",,FALSE,FALSE,FALSE
100271,“왜 이득도 없는 승리를 하려고 하시는 겁니까?”,,10139,,2000009,FALSE,FALSE,FALSE
100272,“더 이상의 소모전은.. 너무 많은 것을 포기하는 것 입니다.”,,10143,,2000009,FALSE,FALSE,FALSE
100273,“제가 주제 넘었다면 죄송합니다.”,,10140,,,FALSE,FALSE,FALSE
100274,“진심으로 이 나라의 미래를 걱정하는 충신으로서 드린 말씀 입니다.”,,10140,,,FALSE,FALSE,FALSE
100275,‘전쟁이 이겨야 그렇지..’,,10141,,2000009,FALSE,FALSE,FALSE
100276,“전쟁이 이겨야 그렇지..”,,10142,,2000009,FALSE,FALSE,FALSE
100277,“그렇게 됐네..”,,,정치력 10 하락,,FALSE,FALSE,FALSE
100278,“별수 없는 것 같네..”,,,정치력 10 하락,,FALSE,FALSE,FALSE
100279,“하..젠장”,,,정치력 40 하락,,FALSE,FALSE,FALSE
100280,“하필 이때 실수하다니..”,,,정치력 40 하락,,FALSE,FALSE,FALSE
100281,“아직 늦지 않았습니다.”,,10144,,,FALSE,FALSE,FALSE
100282,“폐하 저를 믿어 주시죠.”,,10144,,,FALSE,FALSE,FALSE
100283,“폐하. 전면전을 허가해 주십시오.”,,10145,,,FALSE,FALSE,FALSE
100284,“제가 승리로 이끌겠습니다.”,,10145,,,FALSE,FALSE,FALSE
100285,“감사합니다. 폐하.”,,,"정치력 40 상승,물자 10 상승,병력 10 상승",,FALSE,FALSE,FALSE
100286,“그 믿음에 꼭 보답 드리겠습니다.”,,,"정치력 40 상승,물자 10 상승,병력 10 상승",,FALSE,FALSE,FALSE
100287,“하지만 전쟁을 하려면..”,,10147,,,FALSE,FALSE,FALSE
100288,“물자가 많이 소요 되는것은 어쩔 수 없습니다.”,,10147,,,FALSE,FALSE,FALSE
100289,“다친 병사들이 많습니다.”,,10148,,2000009,FALSE,FALSE,FALSE
100290,“상황을 아시지 않습니까..”,,10152,,2000009,FALSE,FALSE,FALSE
100291,“그럼 그냥 병사들에게..”,,10149,,,FALSE,FALSE,FALSE
100292,“몸으로 때우라는 말입니까?”,,10149,,,FALSE,FALSE,FALSE
100293,동의한다.,,10150,,2000009,FALSE,FALSE,FALSE
100294,동의하지 않는다.,,10151,,2000009,FALSE,FALSE,FALSE
100295,말없이 알현실에서 나온다.,,,"리더십 40 하락,카르마 40 하락",,FALSE,FALSE,FALSE
100296,고개를 숙이고 알현실에서 나온다.,,,"리더십 40 하락,카르마 40 하락",,FALSE,FALSE,FALSE
100297,이를 갈며 알현실에서 나온다.,,,"리더십 10 상승,카르마 10 상승",,FALSE,FALSE,FALSE
100298,주먹을 꽉쥐고 알현실에서 나온다.,,,"리더십 10 상승,카르마 10 상승",,FALSE,FALSE,FALSE
100299,“다친 병사들에게 의약품이라도..”,,10153,,2000009,FALSE,FALSE,FALSE
100300,“병사들이 굶고 있습니다. 식료품이라도..”,,10155,,2000009,FALSE,FALSE,FALSE
100301,“병사들이.. 저희 프란츠 제국의..”,,10154,,,FALSE,FALSE,FALSE
100302,“제일 큰 자산 아닙니까..”,,10154,,,FALSE,FALSE,FALSE
100303,“...감사합니다. 폐하.”,,,"물자 10 상승,리더십 10 상승,카르마 10 상승",,FALSE,FALSE,FALSE
100304,목례만 하고 알현실을 나온다.,,,"물자 10 상승,리더십 10 상승,카르마 10 상승",,FALSE,FALSE,FALSE
100305,“병사들이.. 저희 프란츠 제국의..”,,10156,,,FALSE,FALSE,FALSE
100306,“제일 큰 자산 아닙니까..”,,10156,,,FALSE,FALSE,FALSE
100307,“...감사합니다. 폐하.”,,,"물자 10 상승,리더십 10 상승,카르마 10 상승",,FALSE,FALSE,FALSE
100308,목례만 하고 알현실을 나온다.,,,"물자 10 상승,리더십 10 상승,카르마 10 상승",,FALSE,FALSE,FALSE
100309,‘그럴리 없지..’,,10158,,,FALSE,FALSE,FALSE
100310,‘기억이 흐릿하다.’,,10158,,,FALSE,FALSE,FALSE
100311,‘왜.. 익숙하지?’,,10159,,2000009,FALSE,FALSE,FALSE
100312,‘긴장되는데..’,,10161,리더십 10 상승,2000009,FALSE,FALSE,FALSE
100313,‘정신차리자.’,,10160,,,FALSE,FALSE,FALSE
100314,‘아직 잠이 덜 깬건가..’,,10160,,,FALSE,FALSE,FALSE
100315,옷 매무새를 다듬는다.,,10163,,,FALSE,FALSE,FALSE
100316,목소리를 가다듬는다.,,10163,,,FALSE,FALSE,FALSE
100317,기지개를 핀다.,,10162,,,FALSE,FALSE,FALSE
100318,간단하게 몸을 푼다.,,10162,,,FALSE,FALSE,FALSE
100319,옷 매무새를 다듬는다.,,10163,,,FALSE,FALSE,FALSE
100320,목소리를 가다듬는다.,,10163,,,FALSE,FALSE,FALSE
100321,“저기..”,,10164,,2000009,FALSE,FALSE,FALSE
100322,“부관.”,,10166,,2000009,FALSE,FALSE,FALSE
100323,“그래 잘 부탁하네.”,,10165,,,FALSE,FALSE,FALSE
100324,“너무 굳어 있지 말게”,,10165,,,FALSE,FALSE,FALSE
100325,“날 찾아온 사람?”,,10168,,,FALSE,FALSE,FALSE
100326,‘누구지?’,,10168,,,FALSE,FALSE,FALSE
100327,“잘 부탁하네.”,,10167,,,FALSE,FALSE,FALSE
100328,“만나서 반갑네.”,,10167,,,FALSE,FALSE,FALSE
100329,“그냥..”,,10168,,,FALSE,FALSE,FALSE
100330,“그런 느낌이 들었네.”,,10168,,,FALSE,FALSE,FALSE
100331,“누구시죠?”,,10169,,,FALSE,FALSE,FALSE
100332,“제가 아는 분 이신가요?”,,10169,,,FALSE,FALSE,FALSE
100333,‘웃는 얼굴이..’,,10170,,,FALSE,FALSE,FALSE
100334,‘뭔가 기분나쁘다.’,,10170,,,FALSE,FALSE,FALSE
100335,“예?”,,10171,,2000009,FALSE,FALSE,FALSE
100336,뭔가 소름끼친다.,,10172,,2000009,FALSE,FALSE,FALSE
100337,‘이상한 사람이다.’,,,,,FALSE,FALSE,FALSE
100338,‘일이나 해야겠다.’,,,,,FALSE,FALSE,FALSE
100339,‘이상한 사람이다.’,,,,,FALSE,FALSE,FALSE
100340,‘일이나 해야겠다.’,,,,,FALSE,FALSE,FALSE
100341,‘커피 생각을 하니..’,,10174,,,FALSE,FALSE,FALSE
100342,‘왠지 모르게 흙물 맛이 입에 퍼진다.’,,10174,,,FALSE,FALSE,FALSE
100343,“이거 좋은 차군”,,10175,,,FALSE,FALSE,FALSE
100344,“다과랑도 잘 어울리는 군”,,10175,,,FALSE,FALSE,FALSE
100345,슈뢰딩거 박사에 대해 묻는다.,,10176,,2000009,FALSE,TRUE,FALSE
100346,현재 물자상황에 대해 묻는다.,,10179,,2000009,FALSE,FALSE,FALSE
100347,“정확히 어떤 일을 하고 있는지..”,,10177,,,FALSE,FALSE,FALSE
100348,“알고 있는게 있나?”,,10177,,,FALSE,FALSE,FALSE
100349,“즐길거리가 없는 전선에는..”,,10178,,,FALSE,FALSE,FALSE
100350,“그런 소문이 즐길거리가 되긴 하지.”,,10178,,,FALSE,FALSE,FALSE
100351,“고열량 식품이라..”,,10182,,,FALSE,FALSE,FALSE
100352,“무슨 할 이야기가 있는가?”,,10182,,,FALSE,FALSE,FALSE
100353,“그리고..”,,10180,,,FALSE,FALSE,FALSE
100354,“계속해보게”,,10180,,,FALSE,FALSE,FALSE
100355,‘안정된 보급이라..’,,10181,,,FALSE,FALSE,FALSE
100356,‘어쩌면 좋지..’,,10181,,,FALSE,FALSE,FALSE
100357,“그건..”,,10182,,,FALSE,FALSE,FALSE
100358,“큰일이군..”,,10182,,,FALSE,FALSE,FALSE
100359,“미셸 중위..”,,10183,,,FALSE,FALSE,FALSE
100360,“내 동기이긴 하지..”,,10183,,,FALSE,FALSE,FALSE
100361,‘이 녀석을 괜히 자극할 필요는 없다.’,,10184,정치력 10 상승,2000009,FALSE,FALSE,FALSE
100362,‘이런 상대일수록 강하게 나가야한다!’,,10185,정치력 10 하락,2000009,FALSE,FALSE,FALSE
100363,‘오랜만이야 미셸.’,,10186,,,FALSE,FALSE,FALSE
100364,‘잘 지내고 있는가? 미셸’,,10186,,,FALSE,FALSE,FALSE
100365,"‘이봐, 미셸 소령. 하고 싶은 말이 있네만.’",,10186,,,FALSE,FALSE,FALSE
100366,‘소령. 잠시 나와 이야기 하지.’,,10186,,,FALSE,FALSE,FALSE
100367,휴대용 전화기를 꺼내어 전화번호를 살핀다.,,,,,FALSE,FALSE,FALSE
100368,홀로그램 통신 장비를 켜 전화번호를 살핀다.,,,,,FALSE,FALSE,FALSE
100369,“미셸. 오랜만이야.”,,10188,,,FALSE,FALSE,FALSE
100370,“오랜만이네. 소령”,,10188,,,FALSE,FALSE,FALSE
100371,“너무 날 세우지 말게.”,,10189,,,FALSE,FALSE,FALSE
100372,“자네의 도움이 필요해.”,,10189,,,FALSE,FALSE,FALSE
100373,“자네가 날 인정하지 않는다는 건 알고 있네..”,,10190,,2000009,FALSE,FALSE,FALSE
100374,우리 모두 조국을 위해 이곳에 있는 거 아니겠는가?,,10207,,2000009,TRUE,FALSE,FALSE
100375,“그래”,,10191,,,FALSE,FALSE,FALSE
100376,“그럼 너에게 어울린다는 건가?”,,10191,,,FALSE,FALSE,FALSE
100377,니가 나보다 잘해 낼 수 있을거라고생각하나?,,10192,,2000009,FALSE,FALSE,FALSE
100378,“미셸.. 우리 감정싸움은 그만 하지.”,,10199,,2000009,FALSE,FALSE,FALSE
100379,“장 미셸 소령.”,,10193,,,FALSE,FALSE,FALSE
100380,“말 가려서하게.”,,10193,,,FALSE,FALSE,FALSE
100381,“물자 지원이 필요하네.”,,10194,,,FALSE,FALSE,FALSE
100382,“후방부대에 물자는 어느정도 있지?”,,10194,,,FALSE,FALSE,FALSE
100383,“후방에서 니들이 하는게 뭐지?”,,10195,,2000009,FALSE,FALSE,FALSE
100384,“전시 사령부의 공문이 갈걸세.”,,10197,,2000009,FALSE,FALSE,FALSE
100385,거칠게 통신을 끊는다.,,10196,,,FALSE,FALSE,FALSE
100386,욕설을 퍼붓는다.,,10196,,,FALSE,FALSE,FALSE
100387,이를 갈며 자리에 앉는다.,,,정치력 40 하락,,FALSE,FALSE,FALSE
100388,화를 씩씩거리며 자리에 앉는다.,,,정치력 40 하락,,FALSE,FALSE,FALSE
100389,“난 자네처럼..”,,10198,,,FALSE,FALSE,FALSE
100390,“불필요한 감정을 앞세우지 않거든.”,,10198,,,FALSE,FALSE,FALSE
100391,더 통신할 필요가 없다.,,,정치력 20 하락,,FALSE,FALSE,FALSE
100392,통신을 끊는다.,,,정치력 20 하락,,FALSE,FALSE,FALSE
100393,내가 도움을 요청할 수 있는건 자네 뿐이네.,,10200,,,FALSE,FALSE,FALSE
100394,“정말 보급품이 절실하네.”,,10200,,,FALSE,FALSE,FALSE
100395,“자네의 인맥을 동원해 볼 수는 없는가?”,,10201,,2000009,TRUE,FALSE,FALSE
100396,“알고있네.. 많은 걸 바라는 건 아닐세.”,,10204,,2000009,TRUE,FALSE,FALSE
100397,“그렇게 해준다면..”,,10202,,,FALSE,FALSE,FALSE
100398,“너무 감사하네.”,,10202,,,FALSE,FALSE,FALSE
100399,“알겠네.”,,10203,,,FALSE,FALSE,FALSE
100400,“조언 고맙네.”,,10203,,,FALSE,FALSE,FALSE
100401,“자네의 도움은 내가 반드시..”,,,"물자 40 상승,정치력 20 상승,병력 10 상승",,FALSE,FALSE,FALSE
100402,“보답하겠네.”,,,"물자 40 상승,정치력 20 상승 ,병력 10 상승",,FALSE,FALSE,FALSE
100403,‘확실히 급한 물품들이군..’,,10205,,,FALSE,FALSE,FALSE
100404,‘그래도 턱없이 부족하다.’,,10205,,,FALSE,FALSE,FALSE
100405,“도와줘서 정말 고맙네.”,,10206,,,FALSE,FALSE,FALSE
100406,“급한 불은 끌 수 있을 것 같네.”,,10206,,,FALSE,FALSE,FALSE
100407,“알고있네.”,,,"물자 10 상승,병력 10 상승",,FALSE,FALSE,FALSE
100408,“자네의 공적은 확실히 전하겠네.”,,,"물자 10 상승,병력 10 상승",,FALSE,FALSE,FALSE
100409,“그렇지 않다는거 자네도 알지 않는가.”,,10208,,2000009,FALSE,FALSE,FALSE
100410,포장이라.. 내가 자네에게 증명이라도 해야 된다는 건가?,,10217,,2000009,FALSE,FALSE,FALSE
100411,“진심이네.”,,10209,,,FALSE,FALSE,FALSE
100412,“거짓말이 아니야.”,,10209,,,FALSE,FALSE,FALSE
100413,“자네의 충성심을 난 알고 있네.”,,10210,,,FALSE,FALSE,FALSE
100414,“자네도 나와 같은 마음 아닌가.”,,10210,,,FALSE,FALSE,FALSE
100415,필요한 것들을 말한다.,,10211,,2000009,FALSE,FALSE,FALSE
100416,후방 부대의 상황에 대해 먼저 묻는다.,,10214,,2000009,TRUE,FALSE,FALSE
100417,“알고있네.”,,10212,,,FALSE,FALSE,FALSE
100418,“지금 급한 불만 끄면 되네.”,,10212,,,FALSE,FALSE,FALSE
100419,“고맙네.”,,10213,,,FALSE,FALSE,FALSE
100420,“이 일은 꼭 보답하도록 하지.”,,10213,,,FALSE,FALSE,FALSE
100421,‘다행히 급한 물품들이군..’,,,"물자 10 상승,정치력 20 상승",,FALSE,FALSE,FALSE
100422,‘그래도 턱없이 부족하다.’,,,"물자 10 상승,정치력 20 상승",,FALSE,FALSE,FALSE
100423,차분한 톤으로 이야기한다.,,10215,,,FALSE,FALSE,FALSE
100424,가라앉은 톤으로 이야기한다.,,10215,,,FALSE,FALSE,FALSE
100425,“도와줘서 정말 고맙네.”,,10216,,,FALSE,FALSE,FALSE
100426,“자네의 공적은 확실히 전하겠네.”,,10216,,,FALSE,FALSE,FALSE
100427,미소를 띄우며 인사하며 통화를 끊는다.,,,"물자 40 상승,병력 20 상승,정치력 40 상승",,FALSE,FALSE,FALSE
100428,감사함을 표하며 인사를 하고 전화를 끊는다.,,,"물자 40 상승,병력 20 상승,정치력 40 상승",,FALSE,FALSE,FALSE
100429,“하…”,,10218,,,FALSE,FALSE,FALSE
100430,“알겠네.”,,10218,,,FALSE,FALSE,FALSE
100431,“알고있네.”,,10219,,,FALSE,FALSE,FALSE
100432,“그래도 어떻게 안되겠는가”,,10219,,,FALSE,FALSE,FALSE
100433,“그에 맞는 값?”,,10220,,,FALSE,FALSE,FALSE
100434,“그게 뭔가?”,,10220,,,FALSE,FALSE,FALSE
100435,거래에 응한다.,,10221,,2000009,FALSE,FALSE,FALSE
100436,응하지 않는다.,,10224,,2000009,FALSE,FALSE,FALSE
100437,탄약,,10222,,2000009,FALSE,FALSE,FALSE
100438,식료품,,10223,,2000009,FALSE,FALSE,FALSE
100439,‘그래.. 탄약은..’,,,"병력 10 하락,물자 10 상승",,FALSE,FALSE,FALSE
100440,‘식료품보단 확보하기 쉽다.’,,,"병력 10 하락,물자 10 상승",,FALSE,FALSE,FALSE
100441,‘지금 급한건..’,,,"물자 10 상승,리더십 10 하락",,FALSE,FALSE,FALSE
100442,‘의약품이니까..’,,,"물자 10 상승,리더십 10 하락",,FALSE,FALSE,FALSE
100443,“미안 하지만..”,,10225,,,FALSE,FALSE,FALSE
100444,“응하지 않겠네.”,,10225,,,FALSE,FALSE,FALSE
100445,‘이게 맞는 선택일까..’,,,,,FALSE,FALSE,FALSE
100446,‘알 수 없다..’,,,,,FALSE,FALSE,FALSE
100447,‘착잡해지니 그만보자.’,,10227,,,FALSE,FALSE,FALSE
100448,‘처리해야 할 문서가 있다.’,,10227,,,FALSE,FALSE,FALSE
100449,“적진에서..?”,,10228,,,FALSE,FALSE,FALSE
100450,“어서 줘보게.”,,10228,,,FALSE,FALSE,FALSE
100451,“일단 통신병에게 진위여부 확인하고..”,,10229,,,FALSE,FALSE,FALSE
100452,“상황을 지켜보도록 하지.”,,10229,,,FALSE,FALSE,FALSE
100453,“부관.”,,10230,,,FALSE,FALSE,FALSE
100454,“잠시 회의좀 하지.”,,10230,,,FALSE,FALSE,FALSE
100455,“단도 직입적으로 말하겠네. 포로 교환을 하도록 하지.”,,10231,,2000009,TRUE,TRUE,FALSE
100456,“단도 직입적으로 말하겠네. 포로 교환은 없네.”,,10248,,2000009,TRUE,FALSE,FALSE
100457,“그렇다고 보네.”,,10232,,2000009,FALSE,FALSE,FALSE
100458,“저메니라기 보단 해당 부대 지휘관의 독단적 행동으로 생각되네.”,,10242,,2000009,FALSE,FALSE,FALSE
100459,“그렇게 하도록.”,,10233,,2000009,FALSE,FALSE,FALSE
100460,“그러지 말게.”,,10238,,2000009,FALSE,FALSE,FALSE
100461,“어쩔수 없군..”,,10234,,2000009,FALSE,FALSE,FALSE
100462,“하.. 싫은 상황이 왔군.”,,10236,,2000009,FALSE,FALSE,FALSE
100463,“부관.. 사령부의 뜻이 이렇다면..”,,10235,,,FALSE,FALSE,FALSE
100464,“우린 이걸 따르세..”,,10235,,,FALSE,FALSE,FALSE
100465,“그렇게 하게.”,,,리더십 20 상승,,FALSE,FALSE,FALSE
100466,병사들중 전투가 가능한 인원은 다시 전선으로 보내도록.,,,"리더십 20 하락,병력 10 상승",,FALSE,FALSE,FALSE
100467,‘적이 보내온 화해의 스탠스를..’,,10237,,,FALSE,FALSE,FALSE
100468,‘놓치고 싶지 않다.’,,10237,,,FALSE,FALSE,FALSE
100469,“그래. 그러도록.”,,,"리더십 10 상승,정치력 20 하락,카르마 40 상승",,FALSE,FALSE,FALSE
100470,“걱정말고 돌려보내게.”,,,"리더십 10 상승,정치력 20 하락,카르마 40 상승",,FALSE,FALSE,FALSE
100471,“나는.. 적이 보내온 이 화해의 표시를..”,,10239,,,FALSE,FALSE,FALSE
100472,“확실히 돌려주고 싶네.”,,10239,,,FALSE,FALSE,FALSE
100473,“그래 그렇게 하도록.”,,10240,,2000009,FALSE,FALSE,FALSE
100474,“..사령부가 눈치 못챌 만큼만 보내도록..”,,10241,,2000009,FALSE,FALSE,FALSE
100475,‘이 선택이 전쟁 종식의..’,,,"카르마 수치 40 상승,리더십 20 상승",,FALSE,FALSE,FALSE
100476,‘씨앗이 되길..’,,,"카르마 수치 40 상승,리더십 20 상승",,FALSE,FALSE,FALSE
100477,‘사령부에 들키지 않으면서..’,,,카르마 10 상승,,FALSE,FALSE,FALSE
100478,‘보답을 하려면 어쩔 수 없군..’,,,카르마 10 상승,,FALSE,FALSE,FALSE
100479,“그렇네.. 저메니가 이런..”,,10243,,,FALSE,FALSE,FALSE
100480,“일을 할 것이라고 생각하진 않네.”,,10243,,,FALSE,FALSE,FALSE
100481,“지휘관 개인의 선의인 것이지.”,,10244,,2000009,FALSE,TRUE,FALSE
100482,“지휘관 개인의 일탈이라고 생각하네.”,,10246,,2000009,FALSE,FALSE,FALSE
100483,“인간은 늘 나아지기 위해..”,,10245,,,FALSE,FALSE,FALSE
100484,“노력하는 존재니까.”,,10245,,,FALSE,FALSE,FALSE
100485,‘이번 크리스마스는..’,,,"카르마 40 상승,리더십 40 상승",,FALSE,FALSE,FALSE
100486,‘이런 상황속에서도 웃을 수 있길.’,,,"카르마 40 상승,리더십 40 상승",,FALSE,FALSE,FALSE
100487,“정부에 알리지 않은..”,,10247,,,FALSE,FALSE,FALSE
100488,“군인에겐 일탈일 수 있지.”,,10247,,,FALSE,FALSE,FALSE
100489,‘이번 크리스마스는..’,,,"카르마 20 상승,리더십 20 상승",,FALSE,FALSE,FALSE
100490,‘잠시나마 평화를 느껴보자고. 지휘관.’,,,"카르마 20 상승,리더십 20 상승",,FALSE,FALSE,FALSE
100491,"“부관, 아니네.”",,10249,,,FALSE,FALSE,FALSE
100492,“이건 저메니의 의도가 아냐.”,,10249,,,FALSE,FALSE,FALSE
100493,“이건 함정이네.”,,10250,,2000009,FALSE,FALSE,FALSE
100494,“이건 적 지휘관의 개인의 선택인 거지.”,,10256,,2000009,FALSE,FALSE,FALSE
100495,“분명 병사들중 세뇌된 자들이 있을 걸세. 사상검증을 하도록.”,,10251,,2000009,TRUE,FALSE,FALSE
100496,“우리 병사들에게 자신들이 자비롭다는 이미지를 씌우려는 속셈이네.”,,10253,,2000009,FALSE,FALSE,FALSE
100497,“용납 할 수없네..”,,10252,,,FALSE,FALSE,FALSE
100498,“내부에서 무너지는 것이 더 최악이지..”,,10252,,,FALSE,FALSE,FALSE
100499,‘가혹하지만 어쩔 수 없다..’,,,"카르마 20 하락,리더십 20 하락",,FALSE,FALSE,FALSE
100500,전방이 무너지면 더욱 가혹한 일이 기다릴 것이다.,,,"카르마 20 하락,리더십 20 하락",,FALSE,FALSE,FALSE
100501,“탈영을 종용하기 위한 걸세.”,,10254,카르마 10 하락,2000009,FALSE,FALSE,FALSE
100502,"병사들에게 선악을 모호하게 해,사기를 꺾을 생각인 걸세.",,10255,,2000009,FALSE,FALSE,FALSE
100503,“그러니 우리가 이것에..”,,,,,FALSE,FALSE,FALSE
100504,“응답할 필요가 없다고 보네.”,,,,,FALSE,FALSE,FALSE
100505,‘병사들은 프란츠 제국이..’,,,"카르마 10 하락,리더십 10 상승",,FALSE,FALSE,FALSE
100506,‘정의라고 믿고 있어야해.’,,,"카르마 10 하락,리더십 10 상승",,FALSE,FALSE,FALSE
100507,“우린 이에 응답할 필요가 없네.”,,10257,,,FALSE,FALSE,FALSE
100508,“목적은 모르나.. 따를 필요가 없다고 보네.”,,10257,,,FALSE,FALSE,FALSE
100509,“그렇네.”,,10258,,,FALSE,FALSE,FALSE
100510,“정확히 정리 했네.”,,10258,,,FALSE,FALSE,FALSE
100511,‘전쟁 중이다..손익을 따지는 것은..’,,,,,FALSE,FALSE,FALSE
100512,‘이는 어찌할 수 없는 것 이다.’,,,,,FALSE,FALSE,FALSE
100513,“박사는 나를 불러놓고..”,,10260,,,FALSE,FALSE,FALSE
100514,“솔베이 회의로 잠시 부재중이다.”,,10260,,,FALSE,FALSE,FALSE
100515,연구장비를 본다.,,10261,,2000009,FALSE,TRUE,FALSE
100516,서류를 살펴본다.,,10268,,2000009,FALSE,FALSE,FALSE
100517,‘여전히 너저분 하구나.’,,10262,,,FALSE,FALSE,FALSE
100518,‘전에는 깔끔하지 않았었나..?’,,10262,,,FALSE,FALSE,FALSE
100519,주변의 문서들을 읽어본다.,,10263,,2000009,FALSE,TRUE,FALSE
100520,다른 기구들을 살펴본다.,,10265,,2000009,FALSE,FALSE,FALSE
100521,‘무슨..소설 속 이야기 같다.’,,10264,,,FALSE,FALSE,FALSE
100522,괜히 손목이 아려온다.,,10264,,,FALSE,FALSE,FALSE
100523,“박사의 이름 짓는 능력은..”,,10275,,,FALSE,FALSE,FALSE
100524,“절망적인것 같군.”,,10275,,,FALSE,FALSE,FALSE
100525,이름을 본다.,,10266,,2000009,FALSE,FALSE,FALSE
100526,주변 문서를 본다.,,10267,,2000009,FALSE,TRUE,FALSE
100527,‘이름으로 유추하자면..’,,10275,,,FALSE,FALSE,FALSE
100528,‘양자 터미널 정도겠군..’,,10275,,,FALSE,FALSE,FALSE
100529,‘설명을 봐도 확 와닿지 않네.’,,10275,,,FALSE,FALSE,FALSE
100530,‘박사는 문서관리를 잘 해야 할 것 같다.’,,10275,,,FALSE,FALSE,FALSE
100531,양자와 시간의 관계라고 적힌 파일을 살펴본다.,,10269,,2000009,FALSE,FALSE,FALSE
100532,인간행동과 가치관의 변화요인이라고 적힌 파일을 살펴본다.,,10272,,2000009,FALSE,TRUE,FALSE
100533,‘시간여행이라니..’,,10270,,,FALSE,FALSE,FALSE
100534,‘박사는 이런걸 연구하고 있는 건가.’,,10270,,,FALSE,FALSE,FALSE
100535,‘퀀텀 터미널이라..’,,10271,,,FALSE,FALSE,FALSE
100536,‘이걸 말하는 걸까?’,,10271,,,FALSE,FALSE,FALSE
100537,‘이상한 전구 같은 것이..’,,10275,,,FALSE,FALSE,FALSE
100538,‘잔뜩 붙어있군.’,,10275,,,FALSE,FALSE,FALSE
100539,‘이런 질문..’,,10273,,,FALSE,FALSE,FALSE
100540,‘받지 않았었나..?’,,10273,,,FALSE,FALSE,FALSE
100541,‘내용을 정확하게는..’,,10274,,,FALSE,FALSE,FALSE
100542,‘알기 어렵군.’,,10274,,,FALSE,FALSE,FALSE
100543,‘이런 철학적인 것도..’,,10275,,,FALSE,FALSE,FALSE
100544,‘연구하는 군.’,,10275,,,FALSE,FALSE,FALSE
100545,"“아, 박사.”",,10276,,,FALSE,FALSE,FALSE
100546,“이것저것 만져서 미안합니다.”,,10276,,,FALSE,FALSE,FALSE
100547,실험기구에 대해 묻는다.,,10277,,2000009,TRUE,FALSE,FALSE
100548,문서에 대해 묻는다.,,10279,,2000009,TRUE,FALSE,FALSE
100549,‘큰일이다. 또 과학이야기를..’,,10278,,,FALSE,FALSE,FALSE
100550,‘시작했어..’,,10278,,,FALSE,FALSE,FALSE
100551,급하게 자리를 뜬다.,,,,,FALSE,FALSE,FALSE
100552,뒷걸음 질로 자리를 피한다.,,,,,FALSE,FALSE,FALSE
100553,‘큰일이다. 또 과학이야기를..’,,10280,,,FALSE,FALSE,FALSE
100554,‘시작했어..’,,10280,,,FALSE,FALSE,FALSE
100555,급하게 자리를 뜬다.,,,,,FALSE,FALSE,FALSE
100556,뒷걸음 질로 자리를 피한다.,,,,,FALSE,FALSE,FALSE
100557,“박사.아침부터..”,,10282,,,FALSE,FALSE,FALSE
100558,“무슨일인데 그럽니까?”,,10282,,,FALSE,FALSE,FALSE
100559,“어떤 전략 무기 인가요?”,,10283,,,FALSE,FALSE,FALSE
100560,“무슨 무기 인가요?”,,10283,,,FALSE,FALSE,FALSE
100561,“이건.. 어느정도의..”,,10284,,,FALSE,FALSE,FALSE
100562,“위력 인가요?”,,10284,,,FALSE,FALSE,FALSE
100563,“그 정도도..”,,10285,,,FALSE,FALSE,FALSE
100564,“엄청난 위력입니다.”,,10285,,,FALSE,FALSE,FALSE
100565,사용한다.,,10286,,2000009,FALSE,FALSE,FALSE
100566,사용하지 않는다.,,10297,,2000009,TRUE,TRUE,FALSE
100567,“나는 사용할..”,,10287,,,FALSE,FALSE,FALSE
100568,“생각이네.”,,10287,,,FALSE,FALSE,FALSE
100569,“고통은 적겠군.”,,10288,,2000009,FALSE,FALSE,FALSE
100570,“깔끔하고 뒤에 아무것도 남지 않겠군.”,,10293,,2000009,FALSE,FALSE,FALSE
100571,“그렇다.”,,10289,,2000009,FALSE,FALSE,FALSE
100572,“아니다.”,,10291,,2000009,FALSE,FALSE,FALSE
100573,“그냥 마치..”,,10290,,,FALSE,FALSE,FALSE
100574,“모래가 바람에 날리듯 사라질 뿐이지.”,,10290,,,FALSE,FALSE,FALSE
100575,‘병사들은 체스말에 불과하다..’,,,"병력 40 상승,카르마 10 하락",,FALSE,FALSE,FALSE
100576,‘언제든 죽게될 전장에서 그들에게 이정도는 자비가 아닐까?’,,,"병력 40 상승,카르마 10 하락",,FALSE,FALSE,FALSE
100577,“그저..이건..”,,10292,,,FALSE,FALSE,FALSE
100578,“최소한의 도리가 아닐까.”,,10292,,,FALSE,FALSE,FALSE
100579,‘지금은 나를 믿어야한다..’,,,"병력 40 상승,카르마 20 하락",,FALSE,FALSE,FALSE
100580,‘이 선택이 내가 할 수있는 최선의 도리라고.’,,,"병력 40 상승,카르마 20 하락",,FALSE,FALSE,FALSE
100581,“광범위한 살상무기도 아니고..”,,10294,,,FALSE,FALSE,FALSE
100582,“장기적인 피해가 있는 것도 아니네.”,,10294,,,FALSE,FALSE,FALSE
100583,“지금 당장 폭격기에 무장시키도록.”,,10295,"병력 40 상승,카르마 40 하락",2000009,FALSE,FALSE,FALSE
100584,“박사에게 대량 생산을 요청하도록.”,,10296,"물자 20 하락,카르마 40 하락",2000009,FALSE,FALSE,FALSE
100585,‘이 무기로 종전을..’,,,,,FALSE,FALSE,FALSE
100586,‘앞당길 수 있다면..’,,,,,FALSE,FALSE,FALSE
100587,‘프란츠의 국민들을 위해서라도..’,,,,,FALSE,FALSE,FALSE
100588,‘이 전쟁을 끝내야한다.’,,,,,FALSE,FALSE,FALSE
100589,“나는 사용하지..”,,10298,,,FALSE,FALSE,FALSE
100590,“않을 생각이네.”,,10298,,,FALSE,FALSE,FALSE
100591,“그래 어쩌면 그럴지도 모르지 하지만”,,10299,,2000009,FALSE,FALSE,FALSE
100592,“아니.. 병사들은 죄가 없어.”,,10303,,2000009,FALSE,FALSE,FALSE
100593,“이 무기는 절대..”,,10300,,,FALSE,FALSE,FALSE
100594,“자비와는 거리가 머네.”,,10300,,,FALSE,FALSE,FALSE
100595,“일리가 있군.”,,10301,"리더십 20 하락,카르마 10 상승",2000009,FALSE,FALSE,FALSE
100596,“그것과는 다르네.”,,10302,"리더십 20 상승,카르마 40 상승",2000009,FALSE,TRUE,FALSE
100597,“이 이야기는..”,,,,,FALSE,FALSE,FALSE
100598,“그만하지.”,,,,,FALSE,FALSE,FALSE
100599,“그것이 어떻게..”,,,,,FALSE,FALSE,FALSE
100600,“다른 것들과 같단 말인가.”,,,,,FALSE,FALSE,FALSE
100601,“그런 청년들을 먼지도 남지 않게 사라지게 하는건 옳지 않네.”,,10304,,2000009,FALSE,FALSE,FALSE
100602,“우리가 베풀어야 하는 자비는 전쟁을 일찍 끝내는 걸세.”,,10306,,2000009,FALSE,FALSE,FALSE
100603,“이해해줬다면..”,,10305,,,FALSE,FALSE,FALSE
100604,“그걸로 됐네”,,10305,,,FALSE,FALSE,FALSE
100605,‘가족 품으로 돌아갈 흔적..’,,,"리더십 40 상승,카르마 40 상승",,FALSE,FALSE,FALSE
100606,‘그것 마저 앗아가는건.. 인간의 도리가 아냐.’,,,"리더십 40 상승,카르마 40 상승",,FALSE,FALSE,FALSE
100607,“우린 다른 방법을 찾아야 하네.”,,10307,,,FALSE,FALSE,FALSE
100608,“더 좋은 방안이 있을 걸세.”,,10307,,,FALSE,FALSE,FALSE
100609,“아무리 전쟁이 빨리 끝나도..”,,,"리더십 20 하락,카르마 20 상승",,FALSE,FALSE,FALSE
100610,“이 방법은 아냐..”,,,"리더십 20 하락,카르마 20 상승",,FALSE,FALSE,FALSE
100611,“기억나지 않는..”,,10309,,,FALSE,FALSE,FALSE
100612,“꿈을 꾼 기분이야.”,,10309,,,FALSE,FALSE,FALSE
100613,‘익숙한 복도와 풍경이다.’,,10310,,2000009,FALSE,FALSE,FALSE
100614,‘꿈에서 본듯한 풍경이다.’,,10312,,2000009,FALSE,FALSE,FALSE
100615,‘이 느낌은 뭘까..’,,10311,,,FALSE,FALSE,FALSE
100616,‘알 수 없는 기시감이 든다.’,,10311,,,FALSE,FALSE,FALSE
100617,병사들을 향해 간단하게 손짓한다.,,10314,,,FALSE,FALSE,FALSE
100618,똑같이 경례로 받아준다.,,10314,리더십 10 상승,,FALSE,FALSE,FALSE
100619,‘흐릿한 기억과..’,,10313,,,FALSE,FALSE,FALSE
100620,‘많이 닮아있어.’,,10313,,,FALSE,FALSE,FALSE
100621,병사들을 향해 간단하게 손짓한다.,,10314,,,FALSE,FALSE,FALSE
100622,똑같이 경례로 받아준다.,,10314,리더십 10 상승,,FALSE,FALSE,FALSE
100623,“저기..”,,10315,리더십 10 하락,2000009,FALSE,FALSE,FALSE
100624,“부관.”,,10318,,2000009,FALSE,FALSE,FALSE
100625,“놀랐다면..”,,10316,,,FALSE,FALSE,FALSE
100626,“미안하네.”,,10316,,,FALSE,FALSE,FALSE
100627,“그래 잘 부탁한다.”,,10317,,,FALSE,FALSE,FALSE
100628,“너무 굳어 있지 말게”,,10317,,,FALSE,FALSE,FALSE
100629,“날 찾아온 사람?”,,10321,,,FALSE,FALSE,FALSE
100630,‘누구지?’,,10321,,,FALSE,FALSE,FALSE
100631,“잘 부탁하네.”,,10319,,,FALSE,FALSE,FALSE
100632,“만나서 반갑네.”,,10319,,,FALSE,FALSE,FALSE
100633,“그래.”,,10320,리더십 10 상승,,FALSE,FALSE,FALSE
100634,“다..당연히 기억해야지.”,,10320,리더십 10 상승,,FALSE,FALSE,FALSE
100635,“날 찾아온 사람?”,,10321,,,FALSE,FALSE,FALSE
100636,‘누구지?’,,10321,,,FALSE,FALSE,FALSE
100637,“병과학전략화사령부의 담당자 이시죠?”,,10322,,,FALSE,FALSE,FALSE
100638,“병과학전략화사령부 소속이시죠?”,,10322,,,FALSE,FALSE,FALSE
100639,“예?”,,10323,,2000009,FALSE,FALSE,FALSE
100640,뭔가 소름끼친다.,,10324,,2000009,FALSE,FALSE,FALSE
100641,‘이상한 사람이다.’,,,,,FALSE,FALSE,FALSE
100642,‘일이나 해야겠다.’,,,,,FALSE,FALSE,FALSE
100643,‘이상한 사람이다.’,,,,,FALSE,FALSE,FALSE
100644,‘일이나 해야겠다.’,,,,,FALSE,FALSE,FALSE
100645,‘커피 생각을 하니..’,,10326,,,FALSE,FALSE,FALSE
100646,‘왠지 모르게 흙물 맛이 입에 퍼진다.’,,10326,,,FALSE,FALSE,FALSE
100647,‘향도 좋고..’,,10327,,,FALSE,FALSE,FALSE
100648,‘맛이 훌륭하다.’,,10327,,,FALSE,FALSE,FALSE
100649,슈뢰딩거 박사에 대해 묻는다.,,10328,,2000009,TRUE,FALSE,FALSE
100650,현재 물자상황에 대해 묻는다.,,,,2000009,FALSE,FALSE,FALSE
100651,“병사들 사이에서..”,,10329,,,FALSE,FALSE,FALSE
100652,“평가는 어떤가?”,,10329,,,FALSE,FALSE,FALSE
100653,“확실히..”,,10330,,,FALSE,FALSE,FALSE
100654,“좀 특이한 사람이긴 하지.”,,10330,,,FALSE,FALSE,FALSE
100655,“병사들의 끼니가 문제인가..”,,,,,FALSE,FALSE,FALSE
100656,“식료품이 문제인가..”,,,,,FALSE,FALSE,FALSE
100657,“그리고..”,,,,,FALSE,FALSE,FALSE
100658,“계속해보게”,,,,,FALSE,FALSE,FALSE
100659,‘안정된 보급이라..’,,,,,FALSE,FALSE,FALSE
100660,‘어쩌면 좋지..’,,,,,FALSE,FALSE,FALSE
100661,“그건..”,,,,,FALSE,FALSE,FALSE
100662,“큰일이군..”,,,,,FALSE,FALSE,FALSE
100663,“맞아.. 그녀석이라면..”,,,,,FALSE,FALSE,FALSE
100664,“부탁해봐야겠군..”,,,,,FALSE,FALSE,FALSE
100665,‘이 녀석을 괜히 자극할 필요는 없다.’,,,정치력 10 상승,2000009,FALSE,FALSE,FALSE
100666,‘이런 상대일수록 강하게 나가야한다!’,,,정치력 10 하락,2000009,FALSE,FALSE,FALSE
100667,‘오랜만이야 미셸.’,,,,,FALSE,FALSE,FALSE
100668,‘잘 지내고 있는가? 미셸’,,,,,FALSE,FALSE,FALSE
100669,"‘이봐, 미셸 소령. 하고 싶은 말이 있네만.’",,,,,FALSE,FALSE,FALSE
100670,‘소령. 잠시 나와 이야기 하지.’,,,,,FALSE,FALSE,FALSE
100671,옷 앞주머니에서 휴대용 전화기를 꺼낸다.,,,,,FALSE,FALSE,FALSE
100672,홀로그램 통신 장비를 킨다.,,,,,FALSE,FALSE,FALSE
