ID,MainStoryPac,LoopNum,StoryNum,EndingString,AnswerLeftID,AnswerRightID,BG_ID,SFX_ID,CharacterName,Text_kr,Text_en,Back_ID,CharacterImg_ID,Font_Direction
10001,1000001,101,10000001,,100001,100002,100000001,0,,후방에서 물자와 군수 물품이나 관리하던 장교인 나는 국왕의 명을 받아 하루아침에 전쟁의 최전방에 오게 되었다.,,300000001,,2000001
10002,1000001,101,10000001,,100003,100004,100000001,0,,"소심해 지지 말자.
내가 이런 모습을 보이면 부하들이 뭐라고 생각하겠어.",,300000001,,2000001
10003,1000001,101,10000001,,100003,100004,100000001,0,,"좋아 이건 기회야. 
나의 조국을 위해 싸우는 모습을 동경하지 않았는가! 
부하들에게 위엄있는 지휘관의 모습을 보여주자.",,300000001,,2000001
10004,1000001,101,10000001,,100005,100006,100000001,1000000001,,문을 열고 들어가자 분주한듯 움직이는 병사가 눈에 띈다.,,300000001,200000001,2000001
10005,1000001,101,10000001,,100007,100008,100000001,0,1,"갑작스러운 발령에 준비가 미흡한 점 죄송합니다. 
저는 지휘관님의 부관으로 임명된 피에르 소위라고 합니다.",,300000001,200000001,2000001
10006,1000001,101,10000001,,100009,100010,100000001,0,1,"감사합니다. 
그리고 아침부터 지휘관님을 뵙겠다고 기다리신 분이 있습니다.
들어 오시라고 하면 되겠습니까?",,300000001,200000001,2000001
10007,1000001,101,10000001,,100011,100012,100000001,1000000002,2,"문이 열리고 하얀가운을 입은 사람이 정신없이 다가왔다. 
오오오! 
오랜만..아니 아닌가? 
아무튼 축하하네.",,300000001,200000007,2000001
10008,1000001,101,10000001,,100013,100014,100000001,0,2,"아하하! 
내 정신 좀 보게. 
아마.. 첫만남이겠지? 
난 슈뢰딩거 박사라고 하네.
잘부탁하네 지휘관!",,300000001,200000007,2000001
10009,1000001,101,10000001,,100015,100016,100000001,0,2,"앞으로 볼일이 좀 있을 거야. 
내가 여기 과학…전략..
음.. 암튼 과학 전략… 
그거를 담당하게 됐거든.",,300000001,200000009,2000001
10010,1000001,101,10000001,,100017,100018,100000001,0,2,"내가 장담하지. 
이길 때까지 이 전쟁을 할 수 있게 해주지",,300000001,200000005,2000005
10011,1000001,101,10000001,,100019,100020,100000001,0,,"갑작스럽게 손끝에 찌릿한 느낌이 들었다. 
나는 반사적으로 손을 빼냈다.",,300000001,200000005,2000001
10012,1000001,101,10000001,,100021,100022,100000001,1000000002,,박사는 나를 보며 씨익 웃고는 다시 정신없이 혼자 떠들며 가버렸다.,,300000001,200000007,2000001
10013,1000001,101,10000001,,100021,100022,100000001,1000000002,,손끝을 본 잠깐사이 박사는 어느새 사라져 있었다.,,300000001,,2000001
10014,1000001,101,10000002,,100023,100024,100000001,0,1,"지휘관님. 
잠시 쉬시면서 차 한잔 하시겠습니까?",,300000001,200000001,2000001
10015,1000001,101,10000002,,100025,100026,100000001,1000000005,,부관이 내온 홍차는 고급 홍차였는지 굉장히 좋은 풍미가 느껴졌다.,,300000001,,2000001
10016,1000001,101,10000002,,100027,100028,100000001,1000000005,,"확실히 전쟁 중엔 좋은 커피 원두를 구하는 것이 힘들다.
향은 고사하고 맛도 없다…",,300000001,,2000001
10017,1000001,101,10000002,,100029,100030,100000001,0,,"이런 어색한 분위기는 싫다. 
부관과 조금 친해질 필요가 있을 것 같다.",,300000001,,2000001
10018,1000001,101,10000002,,100031,100032,100000001,0,1,"군대에 오게 된 경위 말입니까..? 
큰 뜻은 없습니다.
어린 동생들이 있어 안정적인 직장이 필요했던 것 입니다.",,300000001,200000001,2000001
10019,1000001,101,10000002,,100033,100034,100000001,0,1,"솔직히 박사님에 대해 아는 것이 없습니다. 
하지만 특이한 점이라면 지휘관님과 같은 날 같은 부대로 발령이 되셨다는 것 입니다.",,300000001,200000001,2000001
10020,1000001,101,10000002,,100035,100036,100000001,0,,또 무슨 이야기를 해야 할까?,,300000001,,2000001
10021,1000001,101,10000002,,100037,100038,100000001,0,1,"저희가 화력으론 우세합니다. 
계속 개발하던 펄스 소총도 도입이 되었고
전차나 비행기의 기술로도 저희가 앞서가고 있지만..",,300000001,200000001,2000001
10022,1000001,101,10000002,,100039,100040,100000001,0,1,"저희 부대에는 최신 펄스 소총이 도입되었고 전차 중 10%에는 전열화학포를 설치하였습니다.
그리고 적진을 살필 수 있는 스텔스기가 4대 있습니다. 
하지만..",,300000001,200000001,2000001
10023,1000001,101,10000002,,100041,100042,100000001,0,1,"병사들을 위한 약품이나 식료품이 부족한 상황입니다.
후방에서의 물자 지원도 턱없이 부족한 상황입니다.",,300000001,200000005,2000001
10024,1000001,101,10000002,,100043,100044,100000001,0,,물자 지원을 생각하니 머릿속에 누군가 떠오른다.,,300000001,,2000001
10025,1000001,101,10000002,,100045,100046,100000001,0,1,"그분은.. 
국왕폐하의 조카분이신.. 
장 미셸 소령님 말씀이십니까?",,300000001,200000001,2000001
10026,1000001,101,10000002,,100047,100048,100000001,1000000008,,조만간 이 친구에게 연락해봐야 할 것 같군.,,300000001,,2000001
10027,1000001,101,10000003,,100049,100050,100000001,1000000008,4,"이거이거 누구신가 했더니.. 
지휘관나으리 아니신가.",,300000001,200000012,2000001
10028,1000001,101,10000003,,100051,100052,100000001,0,4,흥. 필요하니 연락하는군.,,300000001,200000012,2000001
10029,1000001,101,10000003,,100053,100054,100000001,0,4,"잘도 그런말을 하는군! 
이름도 없는 가문의 후방 장교가 하루아침에 전선에 지휘관으로 임명 받는다고?",,300000001,200000013,2000001
10030,1000001,101,10000003,,100055,100056,100000001,0,4,"무슨 수를 쓴 것인지 모르겠지만.. 
그자리는 니놈이 있을 자리가 아니야.",,300000001,200000011,2000001
10031,1000001,101,10000003,,100057,100058,100000001,0,4,"아무 연줄도 없는 니놈이 국왕폐하의 명을 받는게.. 
말이 된다고 생각하나!",,300000001,200000013,2000002
10032,1000001,101,10000003,,100059,100060,100000001,1000000006,4,"질투? 
질투라고 했나? 
정말 니놈이 그 자리에 어울린다고 생각하는건가?",,300000001,200000013,2000001
10033,1000001,101,10000003,,100061,100062,100000001,0,4,"이 새끼가! 
그 자리는… 
내.. 내 자리였어야 했어!",,300000001,200000013,2000002
10034,1000001,101,10000003,,100063,100064,100000001,0,,장 미셸의 부들거림과 이를 갈며 나는 소리가 화면 너머로 선명하게 전해진다.,,300000001,,2000001
10035,1000001,101,10000003,,100065,100066,100000001,0,4,결국은 내 도움이 필요해 빌빌기는 개마냥 연락한 주제에… 잘도 주절 거리는군,,300000001,200000012,2000001
10036,1000001,101,10000003,,100067,100068,100000001,0,4,그래. 잘해보라고 개같은 지휘관 나으리.,,300000001,200000012,2000001
10037,1000001,101,10000003,,100069,100070,100000001,0,,잠시 침묵이 이어진다.,,300000001,,2000001
10038,1000001,101,10000003,,100071,100072,100000001,0,4,"흥.. 
나도 불필요하게 사사로운 감정을 내비쳤군.. 
우리도 큰 지원은 해줄 수 없네.",,300000001,200000011,2000001
10039,1000001,101,10000003,,100073,100074,100000001,0,,화면 너머의 장 미셸은 내 반응에 당황한 듯 하다.,,300000001,,2000001
10040,1000001,101,10000003,,100075,100076,100000001,0,4,"뭐.. 
미안하네.. 
나도 이 중요한 시국에.. 
내 감정을 앞세우다니.. 
어쩌면 나보단 자네가 더 어울리는 사람이겠구만.",,300000001,200000011,2000001
10041,1000001,101,10000003,,100077,100078,100000001,0,4,자네도 여기 있어봐서 알겠지만 우리라고 물자가 넉넉한건 아니야..,,300000001,200000015,2000001
10042,1000001,101,10000003,,100079,100080,100000001,0,4,흠… 레이몬드 백작과 로즈웰 백작에게 내 부탁해 보겠네.,,300000001,200000015,2000001
10043,1000001,101,10000003,,100081,100082,100000001,0,4,"물론 이것에 대한 값은 받을 거니까. 
너무 고마워하지는 말게.",,300000001,200000011,2000001
10044,1000001,101,10000003,,100083,100084,100000001,1000000009,4,"우리쪽에서 내어 줄 수 있는 것들은… 
이 정도겠군… 
장 미셸이 화면에 띄워준 목록을 살펴본다.",,300000001,200000011,2000001
10045,1000001,101,10000003,,100085,100086,100000001,0,4,무운을 빌겠네.,,300000001,200000011,2000001
10046,1000001,101,10000004,,100087,100088,100000001,0,,"전쟁이 길어질수록 병사들의 사기가 떨어진다.
유능한 지휘관일수록 그들의 사기를 높여줘야 한다.",,300000001,,2000001
10047,1000001,101,10000004,,100089,100090,100000001,0,1,"전쟁이 계속되니 그런 것 같습니다. 
병사들도 많이 지친 것 같습니다.",,300000001,200000001,2000001
10048,1000001,101,10000004,,100091,100092,100000001,0,1,"맞습니다. 
병사들의 사기를 높일 만한 연설을 해보심은 어떠합니까?",,300000001,200000001,2000001
10049,1000001,101,10000004,,100093,100094,100000001,0,1,"너무 부담 갖지 않으셔도 좋습니다. 
그들의 마음을 울리기만 하면 됩니다.",,300000001,200000001,2000001
10050,1000001,101,10000004,,100095,100096,100000001,0,,"부관에 의해 나는 훈련장에 마련된 단상 앞에 서게 됐다.
마음을 울리는 연설을 해야만 한다.",,300000002,,2000001
10051,1000001,101,10000004,,100097,100098,100000001,1000000010,,연설을 시작 하자 병사들이 하나 둘 내 쪽을 쳐다 보기 시작한다.,,300000002,,2000001
10052,1000001,101,10000004,,100099,100100,100000001,0,,"우리가 지금 이땅 위에 함께 서 있는 것은 명령을 따르기 위해서도,영광을 위한 것도 아니다!",,300000002,,2000007
10053,1000001,101,10000004,,100101,100102,100000001,0,,"우리는 지켜야 할 사람과! 
돌아가야 할 집이 있기 때문이다.
우리의 강철 같은 의지는 저들이 두려워하는 가장 큰 무기다!",,300000002,,2000007
10054,1000001,101,10000004,,100103,100104,100000001,0,,"우리의 이름은 잊히지 않는다. 
총을 집어들고 전차에 올라타라! 우리는 무너지지 않는다!",,300000002,,2000007
10055,1000001,101,10000004,,100105,100106,100000001,0,,"용기를 잃지 마라! 목숨을 포기하지 마라! 
우리가 함께라면 어떤 공포도 무찌를 수 있다! 우린! 역사가 될 것이다!",,300000002,,2000007
10056,1000001,101,10000004,,100107,100108,100000001,0,,병사들의 큰 함성과 함께 나는 단상 뒤 천막으로 당당히 되돌아 왔다.,,300000002,,2000001
10057,1000001,101,10000004,,100109,100110,100000001,0,1,너무 가혹하게만 병사들을 대하면 안될 것 같습니다.,,300000002,200000001,2000001
10058,1000001,101,10000004,,100111,100112,100000001,0,,"전장에서 살아 남는 것은 정신도 육체도 강한 병사다.
그것은 연설로 되는 것이 아닌 훈련을 통해 길러 낼 수 있을 것이다!",,300000002,,2000001
10059,1000001,101,10000004,,100113,100114,100000001,0,,슈뢰딩거 박사의 주도 아래 병기 사용 훈련이 시작되었다.,,300000002,,2000001
10060,1000001,101,10000004,,100115,100116,100000001,0,2,에..그러니까… 펄스 소총은… 이렇게 장전하면…,,300000002,200000010,2000007
10061,1000001,101,10000004,,100117,100118,100000001,1000000011,,팍 하는 소리와 함께 푸른 빛으로 빛나는 펄스 탄창이 강한 전기를 내뿜으며 떨어진다.,,300000002,,2000001
10062,1000001,101,10000004,,100119,100120,100000001,0,,우리 부대의 전차에 탑재 되어 있는 이것은…,,300000002,,2000007
10063,1000001,101,10000004,,100121,100122,100000001,0,,"생각이 나지 않는다.. 
이럴때 가장 좋은 방법은..?",,300000002,,2000001
10064,1000001,101,10000004,,100123,100124,100000001,0,,"나는 병사 한명을 가리키며 질문인척 무마했다.
다행히 넘어간것 같다.",,300000002,,2000001
10065,1000001,101,10000004,,100125,100126,100000001,0,2,"아하하하! 
이게 내가 만든 전열화학포인데.. 
간단하게 탄환이 나가는 레일건이라고 생각하면 되는데.. 
이거를 이렇게 하면…",,300000002,200000008,2000007
10066,1000001,101,10000004,,100127,100128,100000001,1000000013,,박사는 눈앞에서 발사 버튼을 눌러 버렸고 옆에 있던 전차에 발포 해버렸다..,,300000002,,2000001
10067,1000001,101,10000004,,100129,100130,100000001,0,,저메니의 특수 전차는 레일건에 열손상이나 강한 압력의 에너지에 의한 손상에강하기 때문에 우린 전열화학포를 사용한다.,,300000002,,2000007
10068,1000001,101,10000004,,100131,100132,100000001,1000000012,,내 지휘아래 병사들은 전차 훈련과 다른 병기들에 대한 사용 훈련을 진행했다.,,300000002,,2000001
10069,1000001,101,10000004,,100133,100134,100000001,0,,이론은 다 끝났으니…,,300000002,,2000001
10070,1000001,101,10000004,,100135,100136,100000001,0,,실제 전투 상황 처럼 제한된 식사와 수면 그리고 강도 높은 훈련이 주가 되는 극기훈련이 시작되었다.,,300000002,,2000001
10071,1000001,101,10000004,,100137,100138,100000001,0,,훈련이 많이 힘든 것 같지만 아직 아무도 낙오되지 않았다.,,300000002,,2000001
10072,1000001,101,10000004,,100139,100140,100000001,0,,훈련의 강도가 강했는지 한명 두명 낙오자가 생기기 시작한다.,,300000002,,2000001
10073,1000001,101,10000004,,100141,100142,100000001,0,1,"지휘관님. 
병사들의 30%가 훈련을 버티지 못하고 쓰러졌습니다.",,300000002,200000005,2000001
10074,1000001,101,10000004,,100143,100144,100000001,0,,낙오된 병사들은 지친 모습이 역력하다.국운이 걸린 전쟁에 이 무슨 약해빠진 모습인가!,,300000002,,2000001
10075,1000001,101,10000004,,100145,100146,100000001,1000000014,,"이런! 
훈련이 너무 강했나 보다..
병사들 중 기절하는 인원이 발생했다.",,300000002,,2000001
10076,1000001,101,10000004,,100147,100148,100000001,0,,간이 침대에 걸터 앉아 거친 숨을 몰아쉬는 병사들이 나를 쳐다본다.,,300000005,,2000001
10077,1000001,101,10000004,,100149,100150,100000001,0,,"나의 말에 병사들은 긴장했는지 허리를 꼿꼿이 세워 앉아
큰소리로 ""아닙니다.""라고 대답했다.",,300000005,,2000001
10078,1000001,101,10000004,,100151,100152,100000001,0,,병사들의 집중하는 시선이 느껴진다.,,300000005,,2000001
10079,1000001,101,10000004,,100153,100154,100000001,0,1,"지휘관님. 
모의 전장 훈련 중이던 2소대가 숨어있던 적군을 잡아왔습니다.",,300000002,200000002,2000001
10080,1000001,101,10000004,,100155,100156,100000001,0,1,"다행히 2소대의 피해는 전무합니다.
아마 미처 도망가지 못하고 숨어있던 적군 병사들인 듯 합니다.",,300000002,200000001,2000001
10081,1000001,101,10000004,,100157,100158,100000001,0,,적군의 포로들은 내 앞에 서 공포에 덜덜 떨고 있다.,,300000006,,2000001
10082,1000001,101,10000004,,100159,100160,100000001,1000000004,,나는 코일건을 빼들고 적군 포로중 한명의 머리를 날려버렸다.,,300000006,,2000003
10083,1000001,101,10000004,,100161,100162,100000001,0,,시간은 좀 걸릴 것 같지만 이들을 잘 달래서 적군의 정보를 얻으면 좋을 것 같다.,,300000006,,2000001
10084,1000001,101,10000005,,100163,100164,100000001,1000000002,2,"어질러진 실험기구들 사이에서 슈뢰딩거 박사가 나온다. 
""지휘관! 어서오게! 병과학..전략화.. 음.. 아무튼 환영하네!""",,300000003,200000006,2000001
10085,1000001,101,10000005,,100165,100166,100000001,0,2,"전쟁도 후반아닌가. 
개발중인 기술도 보여줄 겸 지휘관의 몸상태도 궁금해서 초청했네.",,300000003,200000006,2000001
10086,1000001,101,10000005,,100167,100168,100000001,0,2,"요즘 손목 통증이 있다던가.. 
꿈을 자주 꾼다던가.. 
그런게 있나?",,300000003,200000006,2000001
10087,1000001,101,10000005,,100169,100170,100000001,0,2,역시..막 속이 울렁거리고 그런가?,,300000003,200000010,2000001
10088,1000001,101,10000005,,100171,100172,100000001,0,2,아 자네 심기를 불편하게 하려던건 아니야. 그냥 지휘관의 건강이 궁금했던 것이지.,,300000003,200000006,2000001
10089,1000001,101,10000005,,100173,100174,100000001,0,2,"아닐세. 
충분히 그럴 수 있네.",,300000003,200000006,2000001
10090,1000001,101,10000005,,100175,100176,100000001,0,2,"자네는 인간의 선함을 믿나? 
아니 질문을 바꾸지 성악설을 믿나 성선설을 믿나?",,300000003,200000006,2000001
10091,1000001,101,10000005,,100177,100178,100000001,0,2,"인간은 본디 악하다라.. 
그럼 승리로 갈 수 있는 다양한 길이 있다면자네는 어떤 선택을 할 것인가?",,300000003,200000006,2000008
10092,1000001,101,10000005,,100179,100180,100000001,0,2,승리만 할 수 있다면 피해는 중요하지 않다는 건가?,,300000003,200000007,2000001
10093,1000001,101,10000005,,100181,100182,100000001,0,2,"""자네 생각은 잘 알겠네..흠..""
슈뢰딩거 박사는 생각이 많아보이는 얼굴을 하곤 나를 내보냈다.",,300000003,200000006,2000001
10094,1000001,101,10000005,,100183,100184,100000001,0,2,인간이 본디 악하다고 믿는데 자네는 왜 그런 선택을 하는가?,,300000003,200000006,2000001
10095,1000001,101,10000005,,100185,100186,100000001,0,2,"""내가 사람을 잘 봤구만.. 알겠네""
슈뢰딩거 박사는 한쪽 입꼬리를 올리고는 나를 내보냈다.",,300000003,200000008,2000001
10096,1000001,101,10000005,,100187,100188,100000001,0,2,"""인간은 본디 선하다라.. 
그럼 지금 전쟁에서 자행되는 악행들은..아니 애초에 선하다면 왜 전쟁이 일어나는가?""",,300000003,200000010,2000001
10097,1000001,101,10000005,,100189,100190,100000001,0,2,"""악에 잘 물든다라.. 
만약 자네의 상황이 안좋다면 자네는 악에 물들까?""",,300000003,200000010,2000001
10098,1000001,101,10000005,,100191,100192,100000001,0,2,"""내가 사람을 잘 봤구만.. 알겠네"" 
슈뢰딩거 박사는 한쪽 입꼬리를 올리고는 나를 내보냈다.",,300000003,200000008,2000001
10099,1000001,101,10000005,,100193,100194,100000001,0,2,"""틀린말은 아니지. 때가되면 자네를 지켜보겠네.""
슈뢰딩거 박사는 담담한 표정으로 나를 내보냈다.",,300000003,200000006,2000001
10100,1000001,101,10000005,,100195,100196,100000001,0,2,틀린말은 아니네만.. 말이 지나치구만..,,300000003,200000006,2000006
10101,1000001,101,10000005,,100197,100198,100000001,0,2,"쯧.. 알겠네. 
따라오시게.",,300000003,200000006,2000001
10102,1000001,101,10000005,,100199,100200,100000001,0,2,"이건 만든지 조금 된 작품이긴한데.. 
포물선으로 발사되는 수류탄 발사기라고 하네.",,300000003,200000006,2000001
10103,1000001,101,10000005,,100201,100202,100000001,0,2,자네.. 이름짓는 재주가 있구만!,,300000003,200000007,2000001
10104,1000001,101,10000005,,100203,100204,100000001,0,2,이미 생산 가능하기도 하고 원한다면 바로 사용가능하게 끔 할 수 있네,,300000003,200000006,2000001
10105,1000001,101,10000005,,100205,100206,100000001,0,2,역시 지휘관! 기술을 볼 줄 아는구만! 초소형 권총일세.,,300000003,200000008,2000001
10106,1000001,101,10000005,,100207,100208,100000001,1000000015,2,자 한번 표적을 향해 쏴보게,,300000003,200000006,2000001
10107,1000001,101,10000005,,100209,100210,100000001,0,2,너무 작게 만드는 것에만 치중했구만..,,300000003,200000006,2000001
10108,1000001,101,10000005,,100211,100212,100000001,0,2,흐음.. 그렇단 말이지.. 알겠네. 혹시나 몸에 문제가 생긴다면 알려주게.,,300000003,200000006,2000001
10109,1000001,101,10000005,,100213,100214,100000001,0,2,음.. 자네는 승리를 위해서 어디까지 할 수 있는가?,,300000003,200000010,2000001
10110,1000001,101,10000005,,100215,100216,100000001,0,2,질문을 바꿔보지. 지금 전쟁에서 지휘관은 프란츠 제국이 정의라고 생각하나?,,300000003,200000006,2000008
10111,1000001,101,10000005,,100217,100218,100000001,0,2,"정의와 선은 가치관에 따라 다르게 정해지는 법이지. 
같은 사건도 다른 시각 다른 상황에서 본다면 과연 정의와 선이 같을까?",,300000003,200000010,2000001
10112,1000001,101,10000005,,100219,100220,100000001,0,2,"맞아 달라지겠지. 
바라보는 사람의 가치관이 달라질 테니까.",,300000003,200000006,2000001
10113,1000001,101,10000005,,100221,100222,100000001,0,2,"같은 상황 같은 시간을 준 햄스터도 매번 같은 선택을 하지 않네.
인간처럼 복잡한 동물은 더더욱 그렇지.",,300000003,200000006,2000001
10114,1000001,101,10000005,,100223,100224,100000001,0,2,"""거시적으로 난 그런 인간을 연구하고 있는거네.
자네말대로 인간은 계속해서 더 나아지기 위해 노력하니까.
""슈뢰딩거 박사는 나를 문앞까지 배웅해 줬다.",,300000003,200000006,2000001
10115,1000001,101,10000005,,100225,100226,100000001,0,2,왜 같다고 생각하는가?,,300000003,200000006,2000001
10116,1000001,101,10000005,,100227,100228,100000001,0,2,"가치관이 변하지 않는다라.. 
지휘관이라면 장담할 수 있나?",,300000003,200000010,2000001
10117,1000001,101,10000005,,100229,100230,100000001,0,2,"""이 전쟁에서 한번 해답을 찾아보게. 
자네의 생각이 얼마나 굳건한지 궁금하군.""
슈뢰딩거 박사는 나를 문앞까지 배웅해 줬다.",,300000003,200000006,2000001
10118,1000001,101,10000005,,100231,100232,100000001,0,2,"자네 지금 오해하고 있는데.. 
나는 프란츠 제국의 사람이 아니야.
자네들을 도와주고 있는 것이지.",,300000003,200000007,2000005
10119,1000001,101,10000005,,100233,100234,100000001,0,2,"아하하! 적대감이라.. 
내가 그런 감정이나 드러낼 사람으로 보이는가?",,300000003,200000008,2000001
10120,1000001,101,10000005,,100235,100236,100000001,0,,"슈뢰딩거 박사는 무슨 생각을 하고 있는지 
아니 무슨 꿍꿍이가 있는지 알 수 없는 인물이라 위험하다고 생각된다.",,300000003,,2000001
10121,1000001,101,10000005,,100237,100238,100000001,0,,무슨 생각인지 알 수 없는 인물을 괜히 적으로 돌리는 것이야 말로 위험한 짓이다.,,300000003,,2000001
10122,1000001,101,10000005,,100239,100240,100000001,1000000016,,박사는 나를 보며 기분나쁘게 큭큭대며 웃다가 잡동사니뒤로 사라진다.,,300000003,,2000001
10123,1000001,101,10000006,,100241,100242,100000001,0,,"전쟁이 어느덧 후반이다.
3년이나 반복된 전쟁은 병사는 물론 많은 사람에게 피곤함만 줄 뿐이다.",,300000004,,2000001
10124,1000001,101,10000006,,100243,100244,100000001,0,1,"지휘관님. 
지금 알현실에서 국왕폐하께서 기다리고 계십니다. 
어서가시죠.",,300000004,200000001,2000001
10125,1000001,101,10000006,,100245,100246,100000001,0,,"문을열고 들어서자 높은 샹들리에와 고풍스러운 방이다.
비싸보이는 그림들과 도자기와 꽃이 있다.",,300000004,,2000001
10126,1000001,101,10000006,,100247,100248,100000001,0,3,"지휘관 왔는가. 
전황보고 차 온게지? 
바쁠 터이니 어서 하고 전장으로 복귀하게나.",,300000004,200000016,2000001
10127,1000001,101,10000006,,100249,100250,100000001,0,,전황이 길어질 수록 저희 병사들의 사기가 많이 떨어지고 있습니다.,,300000004,,2000001
10128,1000001,101,10000006,,100251,100252,100000001,0,3,"전면전!.. 
자네.. 위험하단 생각은 안해봤나.. 
혹여나 잘못된다면..그냥 이걸 유지하는게 좋지 않겠나?",,300000004,200000022,2000001
10129,1000001,101,10000006,,100253,100254,100000001,0,3,"잘못 되면.. 
나라의 존속자체가 위험하단 말일세! 
그렇게 쉽게 말하지 말게!우리도 모든 걸 쏟는다면.. 
지면 그걸 다 잃는다는 것 아닌가!",,300000004,200000022,2000002
10130,1000001,101,10000006,,100255,100256,100000001,1000000006,3,"지금 나더러 국가를 걸고 전면전을 해라.. 그건가?
역사에 내이름을 국가를 걸고 도박을 한 왕으로 남길 셈인가?",,300000004,200000019,2000002
10131,1000001,101,10000006,,100257,100258,100000001,0,3,"난 역사에 실패한 국왕으로 남을 수 없네. 
당장 나가게!",,300000004,200000019,2000001
10132,1000001,101,10000006,,100259,100260,100000001,1000000001,1,"지휘관님.. 
잘 안되신 것 같군요..",,300000004,200000005,2000001
10133,1000001,101,10000006,,100261,100262,100000001,0,3,"""그걸 내가 모를 것 같나.. 
난..이미 실패한 왕으로 역사에 기록 될 걸세..""
국왕은 고개를 처박고 머리를 부여 잡는다.",,300000004,200000021,2000006
10134,1000001,101,10000006,,100263,100264,100000001,0,3,"""자네는.. 아직 나의 평가가 바뀔 수 있다고 생각하나?"" 
국왕은 애처로운 눈빛으로 나를 본다.",,300000004,200000021,2000001
10135,1000001,101,10000006,,100265,100266,100000001,0,3,자넬.. 믿고 전 병력을 투입하게 하도록 하겠네.,,300000004,200000020,2000001
10136,1000001,101,10000006,,100267,100268,100000001,0,3,"""늦지 않았다… 자네 정말 그렇게 생각하나?"" 
국왕은 애처로운 눈빛으로 나를 본다.",,300000004,200000021,2000001
10137,1000001,101,10000006,,100269,100270,100000001,0,3,"알겠네.. 
당장 전선으로 군수품과 의약품.. 
아니 모든 물자를 보내겠네.",,300000004,200000020,2000001
10138,1000001,101,10000006,,100271,100272,100000001,0,,"이미 프란츠 제국은.. 
너무 많은 빚을 지고 있지 않습니까..",,300000004,,2000008
10139,1000001,101,10000006,,100273,100274,100000001,1000000006,3,"""아.. 알고 있네… 그정도 쯤은 나도 알고있어! 
나..나를 가르치려 들지 말게!
너는 그냥 지휘관이야! 
내 명령에 따라 움직이는!""",,300000004,200000019,2000002
10140,1000001,101,10000006,,100275,100276,100000001,0,3,"당장 나가게.. 
이..이 일은 일이 끝난 뒤 경질을 면치 못할걸세..",,300000004,200000019,2000001
10141,1000001,101,10000006,,100277,100278,100000001,1000000001,1,"내가 조용히 문을 닫고 나오자 부관이 문앞에서 기다리고 있다.
""잘 되지 않은 것 같군요.. 지휘관님.""",,300000004,200000015,2000001
10142,1000001,101,10000006,,100279,100280,100000001,1000000006,3,"""뭐…뭐라.. 당장 이놈을 끌어내라!""
나는 국왕의 호위대에게 밀려 문밖으로 나왔다.",,300000004,200000019,2000002
10143,1000001,101,10000006,,100281,100282,100000001,0,3,"아.. 알고 있네.. 우린 이미 너무 많은 것을 포기했고.. 
멀리와 버렸네..난 두려울 뿐이야.. 
내가 이를 어떻게 해야할지..",,300000004,200000021,2000006
10144,1000001,101,10000006,,100283,100284,100000001,0,,"더 멀리 가기전에 이곳에서 전쟁을 끝내는 겁니다. 
더 잃는 것 없게 하겠습니다.",,300000004,,2000008
10145,1000001,101,10000006,,100285,100286,100000001,0,3,"알겠네.. 
자네를 믿도록 하겠네… 
이 나라의 미래를 자네에게 걸겠네…",,300000004,200000021,2000006
10146,1000001,101,10000006,,100287,100288,100000001,0,3,"후방의 보급.. 
지금도 전선에서 너무 많은 물자를 소요하지 않았는가..",,300000004,200000020,2000001
10147,1000001,101,10000006,,100289,100290,100000001,0,3,"내 그것을 모르는게 아니야. 
허나 자네도 알겠지만..이 나라가 지금 전쟁 3년 동안 얼마나 많은 빚이 생겼는지 알고 있나?",,300000004,200000020,2000001
10148,1000001,101,10000006,,100291,100292,100000001,0,3,"다 알고 있네! 
내가 그들을 죽이라고 했나? 
이 부족한 상황에서 우선순위를 정하란 말이야!",,300000004,200000019,2000002
10149,1000001,101,10000006,,100293,100294,100000001,0,3,"어허.. 지휘관! 
말 조심하게. 
내가 말했지 않는가. 
우선순위.더 싸우지 못하는 인원은 에너지 소비가 적을 테니 입을 좀 줄여도 되지 않는가.",,300000004,200000017,2000001
10150,1000001,101,10000006,,100295,100296,100000001,0,3,"그래. 
말 하면 잘 알아듣는 군.. 
난 자네의 판단에 맡기는 거야.",,300000004,200000017,2000001
10151,1000001,101,10000006,,100297,100298,100000001,0,3,"마음대로 하게. 
전선은 자네 소관이야. 
난 방법을 제시해 줬고 자네 판단으로 이를 거부한 거네. 
후에 아쉬운 소리는 하지 말게.",,300000004,200000019,2000001
10152,1000001,101,10000006,,100299,100300,100000001,0,3,"내가 모르는게 아니잖나! 
매번 아쉬운 소리만 할 것이라면왜 이 전황 브리핑을 하고 하는 건가?",,300000004,200000019,2000001
10153,1000001,101,10000006,,100301,100302,100000001,0,3,"지금 시국에 이 약품이 얼마나 귀중한지 알면서.. 
그런 요청을 하는 겐가?
지금 당장 궁에서 쓰는 약품도 부족할 지경인데!",,300000004,200000019,2000002
10154,1000001,101,10000006,,100303,100304,100000001,0,3,쯧.. 알겠네. 다만 많으는 배급 못해주니 우선순위를 잘 정해서 사용해야 할게야.,,300000004,200000020,2000001
10155,1000001,101,10000006,,100305,100306,100000001,0,3,자네 지금 전국에서 식료품이 부족하다는 사실 알고 하는 이야긴가?,,300000004,200000020,2000001
10156,1000001,101,10000006,,100307,100308,100000001,0,3,"우선순위 잘 정해서 먹이도록 하게. 
이게 다 거저 나는게 아니란걸 잘 알고 있을 거라 믿네.",,300000004,200000017,2000001
10157,1000001,102,10000010,1001,100309,100310,100000001,,,"머리가 깨질 듯 아프고 손목에 저릿한 느낌이 든다.
‘어제.. 내가 술을 마시고 잤었나..?’",,300000001,,2000001
10158,1000001,102,10000010,1001,100311,100312,100000001,,,"‘후방에서 물자와 군수 물품이나 관리하던 장교인 나는
국왕 폐하의 명을 받아 하루아침에 전쟁의 최전방에 오게 되었다.’",,300000001,,2000001
10159,1000001,102,10000010,1001,100313,100314,100000001,,,‘이유는 알 수 없지만 왠지 모르게 지금 상황이 낯설지 않다.’,,300000001,,2000001
10160,1000001,102,10000010,1001,100315,100316,100000001,,,"복도를 지나 지휘관실로 향하는 길, 처음 와보는 복도이지만 눈에 익은 창문 너머의 풍경이다.",,300000001,,2000001
10161,1000001,102,10000010,1001,100317,100318,100000001,,,"‘긴장하지 말자. 내 능력을 인정 받아 이곳에 온게 아니겠는가!
자부심을 갖고 당당한 모습을 보여주자.’",,300000001,,2000001
10162,1000001,102,10000010,1001,100319,100320,100000001,,,당당한 걸음으로 복도를 지나가며 나에게 경례하는 병사들에게 괜찮은 모습을 보인것 같아.,,300000001,,2000001
10163,1000001,102,10000010,1001,100321,100322,100000001,1000000001,,지휘관 실 문을 열고 들어서자 분주한 듯 움직이는 병사가 눈에 띈다.,,300000001,,2000001
10164,1000001,102,10000010,1001,100323,100324,100000001,,1,"“갑작스러운 발령에 준비가 미흡한 점 죄송합니다.
저는 지휘관님의 부관으로 임명된 피에르 소위라고 합니다.”",,300000001,200000001,2000001
10165,1000001,102,10000010,1001,100325,100326,100000001,,1,"“감사합니다. 그리고 아침부터 지휘관님을 뵙겠다고 기다리신 분이 있습니다.
들어 오시라고 하면 되겠습니까?”",,300000001,200000001,2000001
10166,1000001,102,10000010,1001,100327,100328,100000001,,1,"“아직 준비가 덜 된 점 양해 부탁드립니다.
저는 지휘관님의 부관으로 임명된 피에르 소위 라고 합니다.”",,300000001,200000001,2000001
10167,1000001,102,10000010,1001,100329,100330,100000001,,1,“그.. 지휘관님 어떻게 제가 부관인 것을 아셨습니까?”,,300000001,200000005,2000001
10168,1000001,102,10000010,1001,100331,100332,100000001,1000000002,2,"그때 문이 열리고 하얀가운을 입은 사람이 정신없이 다가왔다. 
“이야! 지휘관! 훤칠하구만. 역시 제복이 잘 어울리는 구만!”",,300000001,200000008,2000001
10169,1000001,102,10000010,1001,100333,100334,100000001,,2,"“슈뢰딩거 박사라고 하네. 병..과학..전략화사령부? 의 담당자로 발령 받았으니
자주 보게 될꺼야.”",,300000001,200000006,2000001
10170,1000001,102,10000010,1001,100335,100336,100000001,,2,“이길 때까지 이 전쟁을 할 수 있게 해주겠네”,,300000001,200000006,2000005
10171,1000001,102,10000010,1001,100337,100338,100000001,1000000002,,박사는 나를 보며 씨익 웃고는 다시 정신없이 혼자 떠들며 가버렸다.,,300000001,,2000001
10172,1000001,102,10000010,1001,100339,100340,100000001,1000000002,,"나를 보고 씨익 웃는 박사의 얼굴에 알 수 없는 거북한 감정이 피어난다.
박사는 다시 정신없이 혼자 떠들며 가버렸다.",,300000001,,2000001
10173,1000001,102,10000011,1001,100341,100342,100000001,,1,"지휘관님. 오전 업무도 수고 많으셨습니다.
다과와 차를 준비 해드리겠습니다. 커피와 홍차가 있습니다.",,300000001,200000001,2000001
10174,1000001,102,10000011,1001,100343,100344,100000001,1000000005,,"“홍차로 하겠네.”
부관이 내온 홍차는 고급 홍차였는지 굉장히 좋은 풍미가 느껴졌다.",,300000001,,2000001
10175,1000001,102,10000011,1001,100345,100346,100000001,,,‘대화 없이 차만 홀짝일 수는 없다. 지금 머릿속을 팍 하고 지나가는 화재를 꺼내보자.’,,300000001,,2000001
10176,1000001,102,10000011,1001,100347,100348,100000001,,1,"“박사님 께서는 지휘관님과 같은 날 발령 되셨으니까..
이제 6개월 조금 넘게 이곳에서 근무하고 계십니다.”",,300000001,200000001,2000001
10177,1000001,102,10000011,1001,100349,100350,100000001,,1,"괴짜이시긴 해도 꽤 병사들을 잘 살펴보신다고 합니다.
다만 병사들 사이에 소문이지만 가끔 박사님과 똑같이 생긴 사람이 돌아다닌다고 합니다.",,300000001,200000001,2000001
10178,1000001,102,10000011,1001,100351,100352,100000001,,1,“맞습니다. 박사님이 만드신 고열량 식품으로 병사들이 물자 부족을 이겨내고 있습니다만..”,,300000001,200000001,2000001
10179,1000001,102,10000011,1001,100353,100354,100000001,,1,“먼저 화약 보급은 꾸준히 되고 있기 때문에 전투에 차질은 없어 보입니다.”,,300000001,200000001,2000001
10180,1000001,102,10000011,1001,100355,100356,100000001,,1,"“식료품쪽도 지난번 지휘관님이 힘써주신 덕분에 어느정도 해결되었지만
안정적인 보급은 아니기 때문에 급한 불만 끈 상황입니다.”",,300000001,200000001,2000001
10181,1000001,102,10000011,1001,100357,100358,100000001,,1,"“의약품쪽이 가장 문제입니다.
항생제를 구하지 못해 간단한 수술이나 병도 어려운 상황입니다.”",,300000001,200000001,2000001
10182,1000001,102,10000011,1001,100359,100360,100000001,,1,"“지휘관님 갑자기 주제넘은 이야기 죄송합니다만…
장 미셸 중위님과 군사학교 동기라고 들었습니다. 후방 보급을.. 부탁드려도 괜찮겠습니까?”",,300000001,200000005,2000001
10183,1000001,102,10000011,1001,100361,100362,100000001,,,"‘장 미셸. 내 군사학교 동기이자 국왕 폐하의 조카.
질투심 많은 성격으로 학교에서도 나와 마찰이 많던 녀석이지..’",,300000001,,2000001
10184,1000001,102,10000011,1001,100363,100364,100000001,1000000008,,"‘그래 괜히 질투심 많은 녀석을 자극해서 내가 얻을게 무엇이 있겠는가.
차분한 메시지로 먼저 대화를 시작하는게 좋겠다.’",,300000001,,2000001
10185,1000001,102,10000011,1001,100365,100366,100000001,1000000008,,"‘강강약약이란 말이 있다. 강한 상대에게는 똑같이 강하게 나가야
내가 원하는 것을 얻어 낼 수 있을 것이다.’",,300000001,,2000001
10186,1000001,102,10000011,1001,100367,100368,100000001,,,“메시지는 보내놓았으니.. 조만간 이 친구에게 연락해봐야 할 것 같군..”,,300000001,,2000001
10187,1000001,102,10000012,1001,100369,100370,100000001,1000000008,4,"홀로그램에 장 미셸의 얼굴이 보인다.
“하! 필요하니 연락하는군. 지휘관나으리.”",,300000001,200000012,2000001
10188,1000001,102,10000012,1001,100371,100372,100000001,,4,"“오랜만이고 나발이고, 우리가 안부 묻는 사이는 아닐텐데.”",,300000001,200000011,2000001
10189,1000001,102,10000012,1001,100373,100374,100000001,,4,"“도움이라! 하루아침에 전선의 유망한 지휘관이 되신 양반이,
이 장 미셸에게 무슨 도움이 필요하신건가?”",,300000001,200000012,2000001
10190,1000001,102,10000012,1001,100375,100376,100000001,,4,“어떤 더러운 술수를 썼는지 말해. 그자리는 니놈이 있을 자리가 아니야!”,,300000001,200000012,2000002
10191,1000001,102,10000012,1001,100377,100378,100000001,,4,“...”,,300000001,200000011,2000001
10192,1000001,102,10000012,1001,100379,100380,100000001,,4,“결국은 내 도움이 필요해 빌빌거리는 개마냥 연락한 주제에.. 잘도 주절 대는군.”,,300000001,200000013,2000001
10193,1000001,102,10000012,1001,100381,100382,100000001,,4,“예에 그럽죠. 지휘관나으리.”,,300000001,200000011,2000001
10194,1000001,102,10000012,1001,100383,100384,100000001,,4,“뭐. 후방은 물자가 넘쳐나는줄 아는가? 벌써 후방에 있던 시절은 잊어버린건가 보군.”,,300000001,200000012,2000001
10195,1000001,102,10000012,1001,100385,100386,100000001,,4,“개구리 올챙이적 기억 못한다더니. 지휘관. 엿이나 먹어.”,,300000001,200000013,2000002
10196,1000001,102,10000012,1001,100387,100388,100000001,,,‘이 일은 전시 사령부에 회부할 것이다.’,,300000001,,2000001
10197,1000001,102,10000012,1001,100389,100390,100000001,1000000008,4,“명령으로 빼앗겠다는 거군. 아주 엿같은 방법을 쓰는구만 지휘관.”,,300000001,200000012,2000001
10198,1000001,102,10000012,1001,100391,100392,100000001,,4,“잘났군 아주 잘났어. 아주 대단한 분이시네. 지휘관 나으리.”,,300000001,200000012,2000001
10199,1000001,102,10000012,1001,100393,100394,100000001,,4,"“후.. 나도 내 감정을 컨트롤 하지 못했군..
그래.. 나보단 자네가 훨씬 그자리에 걸 맞는 사람이군.”",,300000001,200000011,2000001
10200,1000001,102,10000012,1001,100395,100396,100000001,,4,“미안하지만 자네도 알지 않는가. 후방이라고 물자가 넉넉한건 아냐.”,,300000001,200000011,2000001
10201,1000001,102,10000012,1001,100397,100398,100000001,,4,“지금 당장 떠오르는 건.. 로즈웰 백작이군.. 내가 소개해 줄 터이니 이야기 해보게.”,,300000001,200000011,2000001
10202,1000001,102,10000012,1001,100399,100400,100000001,,4,"“공작이 되고 싶어서 안달나 있으니.. 잘 구워 삶으면 자네 편으로 끌어들일 수 있을거야.
지금 귀족들이나 정치계에서 자네 이름은 유명하니까.”",,300000001,200000011,2000001
10203,1000001,102,10000012,1001,100401,100402,100000001,,4,“우리 쪽에서 가능한건 병사 지원 정도겠군. 지금 당장 인원을 차출해서 그쪽으로 보내겠네.”,,300000001,200000011,2000001
10204,1000001,102,10000012,1001,100403,100404,100000001,1000000009,4,"“일단 우리가 가지고 있는 물자에서 조금 정리되면 보내겠네. 이정도면 되겠는가?”
장 미셸이 화면에 띄워준 목록을 살펴본다.",,300000001,200000011,2000001
10205,1000001,102,10000012,1001,100405,100406,100000001,,4,“그리고 가능한 병사를 모아서 물품이송때 같이 지원하도록 하겠네.”,,300000001,200000011,2000001
10206,1000001,102,10000012,1001,100407,100408,100000001,,4,“물론 이것에 대한 값은 받을 거니까. 너무 고마워하지는 말게.”,,300000001,200000011,2000001
10207,1000001,102,10000012,1001,100409,100410,100000001,,4,“또 그럴 듯한 말로 포장하는군. 지휘관. 넌 옛날 부터 그랬지.”,,300000001,200000011,2000001
10208,1000001,102,10000012,1001,100411,100412,100000001,,4,“... 맞아 자네는 기분 나쁠 정도로 조국을 위해 봉사하고 싶어했지.”,,300000001,200000011,2000001
10209,1000001,102,10000012,1001,100413,100414,100000001,,4,“알아. 안다고. 자네만큼 조국에 충성하는 군인은 내 본적이 없었지.”,,300000001,200000011,2000001
10210,1000001,102,10000012,1001,100415,100416,100000001,,4,“내가 어떤 도움을 주면 되겠는가?”,,300000001,200000011,2000001
10211,1000001,102,10000012,1001,100417,100418,100000001,,4,“미안하네만.. 자네도 알다시피 후방이라고 물자가 넉넉한 상황은 아냐.”,,300000001,200000015,2000001
10212,1000001,102,10000012,1001,100419,100420,100000001,,4,“많은 물자지원은 힘들걸세. 그래도 내 힘되는 만큼은 해보겠네.”,,300000001,200000011,2000001
10213,1000001,102,10000012,1001,100421,100422,100000001,1000000009,,통화가 끊어지고 곧 장 미셸에게서 보낼 수 있는 물자의 리스트가 도착한다.,,300000001,,2000001
10214,1000001,102,10000012,1001,100423,100424,100000001,,4,"“나도 그곳에 있어봐서 알고있네. 후방이라고 물자가 넉넉하진 않지.
그러니 자네 부대에 부담이 되지 않은 정도의 지원이면 되네.”",,300000001,200000011,2000001
10215,1000001,102,10000012,1001,100425,100426,100000001,,4,"“우리 부대까지 생각해주다니.. 고맙네. 자네 말이 맞아 넉넉하지 않지..
하지만 다 조국을 위한게 아니겠는가. 내 백방으로 구해보겠네.”",,300000001,200000014,2000001
10216,1000001,102,10000012,1001,100427,100428,100000001,,,‘정말 오랫만에 장 미셸의 웃는 얼굴을 본 것 같다.’,,300000001,,2000001
10217,1000001,102,10000012,1001,100429,100430,100000001,,4,"“집어치우고 본론이나 말하게, 내가 자네랑 도란도란 이야기 할 사이는 아니거든.”",,300000001,200000011,2000001
10218,1000001,102,10000012,1001,100431,100432,100000001,,4,“물자 지원이라. 아쉽게도 우리도 그렇게 넉넉한 상황은 아니거든.”,,300000001,200000011,2000001
10219,1000001,102,10000012,1001,100433,100434,100000001,,4,“잘도 이야기 하는군. 흥.. 지원은 해주겠지만 그에 맞는 값을 치뤄야 할 거야.”,,300000001,200000011,2000001
10220,1000001,102,10000012,1001,100435,100436,100000001,,4,"“의약품을 보내도록 하겠네, 하지만 그에 맞게 탄약이나 식료품을 보내야 할거야.”",,300000001,200000011,2000001
10221,1000001,102,10000012,1001,100437,100438,100000001,,,‘당장 의약품이 급하다. 탄약이나 식료품에서 어떤 것을 보내야 할까..’,,300000001,200000011,2000001
10222,1000001,102,10000012,1001,100439,100440,100000001,1000000008,,"“탄약을 보내도록 하겠네.”
통화가 끊어졌다.",,300000001,,2000001
10223,1000001,102,10000012,1001,100441,100442,100000001,1000000008,,"“식료품을 보내도록 하겠네.”
통화가 끊어졌다.",,300000001,,2000001
10224,1000001,102,10000012,1001,100443,100444,100000001,,,‘의약품이 중요하긴 하지만.. 탄약과 식료품도 중요하다. 이를 포기할 수 없다.’,,300000001,,2000001
10225,1000001,102,10000012,1001,100445,100446,100000001,1000000008,4,"“그래 잘 해보게. 지휘관.”
통화가 끊어졌다.",,300000001,200000011,2000001
10226,1000001,102,10000013,1001,100447,100448,100000009,,,"‘12월 25일. 이 전쟁이 시작되기 전에는 그저 설램만 가득했던 날.
창문 너머로 웃음 짓는 사람 대신 포탄과 전차에 엉망이 된 울퉁불퉁한 땅이 보인다.’",,300000001,,2000001
10227,1000001,102,10000013,1001,100449,100450,100000009,1000000002,1,“지휘관님. 저희 통신병이 받은 적진에서 온 전갈입니다. 어서 확인 부탁드립니다!”,,300000001,200000002,2000002
10228,1000001,102,10000013,1001,100451,100452,100000009,1000000003,,"“크리스마스의 평화 기원을 위해 포로 교환을 신청 합니다.
오후2시 먼저 프란츠 포로 병사들을 귀하의 부대로 보내겠습니다.”",,300000001,,2000005
10229,1000001,102,10000013,1001,100453,100454,100000009,,,"오후2시. 정말 우리 군의 군복을 입고 있는 병사들이
하얀 눈이 내린 울퉁불퉁한 땅 너머에서 걸어오기 시작했다.",,300000001,,2000001
10230,1000001,102,10000013,1001,100455,100456,100000009,,1,"“저희 군 포로 620명이 저희 부대로 무사히 복귀 하였습니다.
신원은 모두 확인 되었고 스파이로 추정 되는 인물은 전혀 없었습니다.”",,300000001,200000001,2000001
10231,1000001,102,10000013,1001,100457,100458,100000009,,1,"“저메니의 해당 행동이, 지휘관님이 보시기에 평화를 위한 행동으로 보이십니까?”",,300000001,200000001,2000001
10232,1000001,102,10000013,1001,100459,100460,100000009,,1,“그럼 이일을 본국의 사령부에 알려야 할까요?”,,300000001,200000001,2000001
10233,1000001,102,10000013,1001,100461,100462,100000009,1000000027,,"본국의 사령부에서 답변이 오기까지 오래 걸리지 않았다.
본국은 포로 교환을 기각했다.",,300000001,,2000001
10234,1000001,102,10000013,1001,100463,100464,100000009,,,‘나는 군인이다. 내가 하고 싶다 하더라도 위의 명령은 절대적이다.’,,300000001,,2000001
10235,1000001,102,10000013,1001,100465,100466,100000009,,1,“네. 지휘관님. 돌아온 병사들은 일단 후방으로 보내면 되겠습니까?”,,300000001,200000001,2000001
10236,1000001,102,10000013,1001,100467,100468,100000009,,,“부관. 책임은 내가 지겠네. 일단 우리 전선에 있는 포로들을 돌려 보내도록.”,,300000001,,2000001
10237,1000001,102,10000013,1001,100469,100470,100000009,,1,“저희 부대에 있는 총 412명의 포로를 준비해서 돌려 보내도록 하겠습니다.”,,300000001,200000001,2000001
10238,1000001,102,10000013,1001,100471,100472,100000009,,1,“정말.. 알리지 않아도 되겠습니까?”,,300000001,200000002,2000001
10239,1000001,102,10000013,1001,100473,100474,100000009,,1,“알겠습니다. 그럼 저희 부대에 있는 포로 총412명을 돌려 보내도록 하겠습니다.”,,300000001,200000003,2000001
10240,1000001,102,10000013,1001,100475,100476,100000009,,,부관은 옅은 미소를 짓고는 경례를 하고 지휘관 실을 나간다.,,300000001,,2000001
10241,1000001,102,10000013,1001,100477,100478,100000009,,,부관은 경례를 하고 지휘관 실을 나간다.,,300000001,,2000001
10242,1000001,102,10000013,1001,100479,100480,100000009,,1,“지휘관의 독단적 행동이라고 생각하신단 말입니까?”,,300000001,200000005,2000001
10243,1000001,102,10000013,1001,100481,100482,100000009,,1,“그렇다면 왜.. 왜 이런 선의를 배푼다고 생각하십니까?”,,300000001,200000005,2000001
10244,1000001,102,10000013,1001,100483,100484,100000009,,1,“그리고 저희는 그 선의에 답하는 것이 겠군요.”,,300000001,200000001,2000001
10245,1000001,102,10000013,1001,100485,100486,100000009,,,"우리 부대의 포로 412명과 인근 부대의 포로 까지 하여
611명의 포로를 돌려보내기로 결정 하였다.",,300000001,,2000001
10246,1000001,102,10000013,1001,100487,100488,100000009,,1,"“일탈.. 이요?”
부관의 반응에 난 피식 웃는다.",,300000001,200000002,2000001
10247,1000001,102,10000013,1001,100489,100490,100000009,,,“우리 부대에 있는 포로들을 준비시켜서 돌려보내도록.”,,300000001,,2000001
10248,1000001,102,10000013,1001,100491,100492,100000009,,1,“그렇지만 만약 이게 저메니의 화해의 손길이라면.. 잡는 편이..”,,300000001,200000005,2000001
10249,1000001,102,10000013,1001,100493,100494,100000009,,1,“그렇다면 어떤 의도 인겁니까?”,,300000001,200000005,2000001
10250,1000001,102,10000013,1001,100495,100496,100000009,1000000003,,“이건 우리 군을 방심시키려는 전략이고..”,,300000001,,2000001
10251,1000001,102,10000013,1001,100497,100498,100000009,,1,“지휘관님.. 죄송합니다만.. 그들에게 너무 가혹한..”,,300000001,200000002,2000001
10252,1000001,102,10000013,1001,100499,100500,100000009,,1,“알겠습니다…”,,300000001,200000005,2000001
10253,1000001,102,10000013,1001,100501,100502,100000009,,1,“굳이 그렇게까지 하는 이유가..”,,300000001,200000005,2000001
10254,1000001,102,10000013,1001,100503,100504,100000009,,1,“확실히 그럴 수도 있겠습니다.”,,300000001,200000001,2000001
10255,1000001,102,10000013,1001,100505,100506,100000009,,,"“선 악이 모호해지면 결국 이 전쟁에 의문이 들 것이고,
곧 그것은 사기 저하와 우리 군의 붕괴로 이어질 걸세.”",,300000001,,2000001
10256,1000001,102,10000013,1001,100507,100508,100000009,,,“우리가 적 지휘관의 독단적인 선택에 무언가 답변을 할 필요가 있다고 생각하는가?”,,300000001,,2000001
10257,1000001,102,10000013,1001,100509,100510,100000009,,1,"“즉.. 이 화해의 스탠스가 국가적 차원은 아니니..
어떤 선택을 해도 전황에는 변화가 없다고 보는 것.. 이십니까?”",,300000001,200000005,2000001
10258,1000001,102,10000013,1001,100511,100512,100000009,,,"“우린 지금 이익을 따져야하네. 포로는 데리고 있다면 협상의 여지가 생기니
이익을 생각한다면 이들을 보내지 않는게 맞다고 보네.”",,300000001,,2000001
10259,1000001,102,10000014,1001,100513,100514,100000011,,,“박사의 부름으로 병과학전략화사령부를 찾아왔는데..”,,300000003,,2000001
10260,1000001,102,10000014,1001,100515,100516,100000011,,,정리되지 않은 연구장비들과 흩뿌려져 있는 서류들이 눈에 들어온다.,,300000003,,2000001
10261,1000001,102,10000014,1001,100517,100518,100000011,,,전에 본 것 같은 느낌이 드는 기구들이 잔뜩 있다.,,300000003,,2000001
10262,1000001,102,10000014,1001,100519,100520,100000011,,,"알 수 없는 장비들 사이에 명칭이 적힌 표가 보인다.
‘Quantum Loop’",,300000003,,2000001
10263,1000001,102,10000014,1001,100521,100522,100000011,1000000003,,"‘퀀텀 루프, 팔찌 형태의 장비로 착용자의 양자 이탈 상태를 유도해
시간선에서 벗어 날 수 있게 한다.’",,300000003,,2000005
10264,1000001,102,10000014,1001,100523,100524,100000011,,,"다른 기구들을 살펴보다 작은 비행 물체를 들어올려 이름을 보고 내려놓는다.
“조종사가 외부에 있는 소형 비행기..”",,300000003,,2000001
10265,1000001,102,10000014,1001,100525,100526,100000011,,,눈에 바로 들어오는 한사람이 들어갈 수 있는 작은 터널 같은 기구를 살펴본다.,,300000003,,2000001
10266,1000001,102,10000014,1001,100527,100528,100000011,,,“Quantum Terminal.. 거창한 이름이군.”,,300000003,,2000001
10267,1000001,102,10000014,1001,100529,100530,100000011,1000000003,,"윗부분이 찢겨 잘 알아보기 어렵다.
‘내부 공간을 미시적인 수준으로 만들어 설정한 시간, 사건을 관측, 이동 할 수 있다.’",,300000003,,2000005
10268,1000001,102,10000014,1001,100531,100532,100000011,1000000003,,‘무슨 연구들에 관련된 문서인 것 같네.. 정리좀 하지..’,,300000003,,2000001
10269,1000001,102,10000014,1001,100533,100534,100000011,1000000003,,"‘우리는 우주적 규모에서 과거의 사건을 얼마든지 관측하고 있다.
양자역학에 해당하는 미시적인 수준으로 간다면, 시간여행은 가능하다.’",,300000003,,2000005
10270,1000001,102,10000014,1001,100535,100536,100000011,1000000003,,"‘Quantum Terminal을 축소한 버전인 Quantum Loop를 이용해 시간여행이 가능하나,
설정을 만지거나 과도한 스트레스를 느껴야 하는 등 제약이 많다.’",,300000003,,2000005
10271,1000001,102,10000014,1001,100537,100538,100000011,,,사람 한명 들어갈 것 같은 기계 앞에 서서 안쪽을 살펴본다.,,300000003,,2000001
10272,1000001,102,10000014,1001,100539,100540,100000011,1000000003,,"‘인간의 선함과 악함은 태어날 때부터 정해지는 것이 아닌 후천적 결과물이라고 본다.
따라서 동일 대상을 여러 상황에 노출 시켜 실험을 진행한다.’",,300000003,,2000005
10273,1000001,102,10000014,1001,100541,100542,100000011,1000000003,,"‘피험자들은 같은 상황과 다른 선택에 놓어야 하기에 계속해서 반복되는 실험을 견뎌야한다.
그과정에서 발생하는 인물의 변화는 유의미했다.’",,300000003,,2000005
10274,1000001,102,10000014,1001,100543,100544,100000011,1000000003,,‘그래도 난 인간의 선함을 증명하고 싶다.’,,300000003,,2000005
10275,1000001,102,10000014,1001,100545,100546,100000011,1000000002,2,"“아아아! 지휘관 그건 건들면 안되네!”
시끄러운 발소리와 함께 박사가 기구들 사이에서 튀어나온다.",,300000003,200000007,2000001
10276,1000001,102,10000014,1001,100547,100548,100000011,,2,"“아, 내가 불러 놓고 깜빡하다니.. 미안하네 지휘관.”",,300000003,200000006,2000001
10277,1000001,102,10000014,1001,100549,100550,100000011,,2,"“내 전공을 알고있나? 지휘관. 바로 양자역학일세. 물론 초기에는 조금 반대했지만..
아무튼 그래서 연구해서 만든 것이..”",,300000003,200000008,2000001
10278,1000001,102,10000014,1001,100551,100552,100000011,,,“박사. 큰 용건이 없다면 저는 이만 가보겠습니다.”,,300000003,,2000001
10279,1000001,102,10000014,1001,100553,100554,100000011,,1,"“과학은 물론 철학적인 것도 연구를 하고 있네. 지휘관.
역시 인간의 정신이란건 유전학과 생물학에 기반해…”",,300000003,200000008,2000001
10280,1000001,102,10000014,1001,100555,100556,100000011,,,“박사. 큰 용건이 없다면 저는 이만 가보겠습니다.”,,300000003,,2000001
10281,1000001,102,10000015,1001,100557,100558,100000001,1000000002,,우당탕 하는 큰 소리와 함께 슈뢰딩거 박사는 문을 박차고 들어온다.,,300000001,,2000001
10282,1000001,102,10000015,1001,100559,100560,100000001,,2,“드디어 프란츠 전시사령부에서 요청한 전략무기가 완성되었네!”,,300000001,200000008,2000001
10283,1000001,102,10000015,1001,100561,100562,100000001,,2,"“핵폭탄은 전쟁무기로서 이후 피해가 심해 금지되었네.
1차 대전때 말이야.이건.. 양자 붕괴 현상을 무기화한 반물질 폭탄이네.”",,300000001,200000006,2000001
10284,1000001,102,10000015,1001,100563,100564,100000001,,2,"“여기서 사이즈를 더 키우면 핵폭탄보다 더 큰 위력이겠지만 이건 소형이라..
음.. 폭격기 폭탄보다 조금 더 강한 정도?”",,300000001,200000006,2000001
10285,1000001,102,10000015,1001,100565,100566,100000001,,2,"“그래서 말인데 지휘관. 이 전장에서 시험 사용을 해볼까 하는데,
자네는 어떻게 생각하나? 고민하고  말해주게.”",,300000001,200000006,2000001
10286,1000001,102,10000015,1001,100567,100568,100000001,,1,"박사가 지휘관실에서 나가자 부관과 나는 폭탄을 사이에 두고 이야기 한다.
“지휘관님. 어떻게 하실 생각입니까?”",,300000001,200000001,2000001
10287,1000001,102,10000015,1001,100569,100570,100000001,,1,"“실험 보고서를 보면 양자 붕괴 현상은 양자들에 에너지를 가해 배열을 무너뜨려
붕괴시키는 현상이라고 합니다.”",,300000001,200000001,2000001
10288,1000001,102,10000015,1001,100571,100572,100000001,,1,“지휘관님은 이게 자비로운 무기라고 생각하시는 건가요?”,,300000001,200000005,2000001
10289,1000001,102,10000015,1001,100573,100574,100000001,,,"“어떤 폭탄은 열로 사람을 태워죽이고, 어떤 폭탄은 순식간에 증발 시켜버리지.
보고서를 보면 이 양자 붕괴 현상의 피험자들은 어떤 고통도 느끼지 못했어.”",,300000001,,2000001
10290,1000001,102,10000015,1001,100575,100576,100000001,,,“이것이 우리가 적에게 줄 수 있는 최소한의 자비가 아닐까?”,,300000001,,2000001
10291,1000001,102,10000015,1001,100577,100578,100000001,,,“그 어떤 죽음에도 자비로운 죽음이란건 없지..”,,300000001,,2000001
10292,1000001,102,10000015,1001,100579,100580,100000001,,,“지금 당장 이 폭탄을 폭격기에 무장시키도록.”,,300000001,,2000001
10293,1000001,102,10000015,1001,100581,100582,100000001,,1,"“확실히 그렇겠죠. 폭탄 범위에 있는 사물, 생물은 모두 붕괴되어 사라지니까요.”",,300000001,200000001,2000001
10294,1000001,102,10000015,1001,100583,100584,100000001,,,“그야말로.. 최고의 전쟁무기 아닌가. 우린 뒤탈 없는 엄청난 무기를 얻은거야.”,,300000001,,2000001
10295,1000001,102,10000015,1001,100585,100586,100000001,,,‘전쟁을 길게 끄는 것이야 말로 인류에게 있어 죄악이다.’,,300000001,,2000001
10296,1000001,102,10000015,1001,100587,100588,100000001,,,‘수십개의 폭탄이 폭격을 가한다면.. 저메니는 뭐에 당한지도 모른체 무너질 것이다.’,,300000001,,2000001
10297,1000001,102,10000015,1001,100589,100590,100000001,,1,"박사가 지휘관실에서 나가자 부관과 나는 폭탄을 사이에 두고 이야기 한다.
“지휘관님. 어떻게 하실 생각입니까?”",,300000001,200000001,2000001
10298,1000001,102,10000015,1001,100591,100592,100000001,,1,"“보고서에 이 현상의 피험자들은 고통도 느끼지 못하고 모래가 바람에 날리 듯
사라졌다고 합니다. 자비로운 처사가 아닐지..”",,300000001,200000001,2000001
10299,1000001,102,10000015,1001,100593,100594,100000001,,,“상대를 희생시키는 입장에서 그 어떤 죽음에도 우리가 자비롭다라고 할 수는 없네.”,,300000001,,2000001
10300,1000001,102,10000015,1001,100595,100596,100000001,,1,"“지휘관님. 저희 무기 일부는 이 것보다 더 고통을 주며 죽입니다.
그런 이유로 사용할 수 없다면 저희가 무기들도 사용하면 안되는 것 아닙니까.”",,300000001,200000005,2000001
10301,1000001,102,10000015,1001,100597,100598,100000001,,,"“하지만.. 자네도 알지 않은가, 계속해서 새로 나오는 무기들 중
이런 공습 폭탄 계열은 논란이 많아왔어. 난 논란을 떠안고 싶지 않네.”",,300000001,,2000001
10302,1000001,102,10000015,1001,100599,100600,100000001,,,"“이 무기는 말 그대로 희생자를 사라지게 하네.
그들의 가족에게 돌아갈 흔적조차 남지않게..”",,300000001,,2000001
10303,1000001,102,10000015,1001,100601,100602,100000001,,,"“우리 병사들과 같이 이들은 그저 나라를 위해 왔을 뿐,
그 누구도 손에 피를 묻히고 싶지 않았을 걸세”",,300000001,,2000001
10304,1000001,102,10000015,1001,100603,100604,100000001,,1,“이해했습니다. 확실히 제 생각이 짧았습니다.”,,300000001,200000005,2000001
10305,1000001,102,10000015,1001,100605,100606,100000001,,,나는 폭탄이 담겨있는 상자의 문을 닫았다.,,300000001,,2000001
10306,1000001,102,10000015,1001,100607,100608,100000001,,1,“그러하니. 더더욱 이 폭탄을 사용하는게 좋지 않겠습니까?”,,300000001,200000005,2000001
10307,1000001,102,10000015,1001,100609,100610,100000001,,,부관은 찜찜한 표정을 한체 경례를 하고 지휘관실을 나간다.,,300000001,,2000001
10308,1000001,103,10000019,1002,100611,100612,100000001,,,"저릿한 손목과 깨질듯한 머리.
나는 머리를 부여 잡고 일어났다.",,300000001,,2000001
10309,1000001,103,10000019,1002,100613,100614,100000001,,,"‘후방에서 물자와 군수 물품이나 관리하던 장교인 나는
국왕의 명을 받아 하루아침에 전선 최전방의 지휘관이 되었다.’",,300000001,,2000001
10310,1000001,103,10000019,1002,100615,100616,100000001,,,"지휘관실로 가는 긴복도와 창문 밖 풍경.
마치 몇번이고 이 복도를 걸어본 것 같다.",,300000001,,2000001
10311,1000001,103,10000019,1002,100617,100618,100000001,,,나를 향해 경례하는 병사들. 분명 처음 보는 이들임에도 익숙한 얼굴이다.,,300000001,,2000001
10312,1000001,103,10000019,1002,100619,100620,100000001,,,"이 복도. 마치 꿈에서 본듯 흐릿한 기억과 많이 닮아있다.
몇번이고 이 곳을 걸어본 것 같다.",,300000001,,2000001
10313,1000001,103,10000019,1002,100621,100622,100000001,,,"‘분명 여기 쯤에서 병사들이 경례를 했었지..’
꿈에서 본 그대로다.",,300000001,,2000001
10314,1000001,103,10000019,1002,100623,100624,100000001,,,지휘관 실 문을 열고 들어서자 분주한 듯 움직이는 병사가 눈에 띈다.,,300000001,,2000001
10315,1000001,103,10000019,1002,100625,100626,100000001,,,"너무 작은 목소리였나보다.
크흠 하는 목소리를 가다듬는 소리에 병사는 놀라 뒤를 바라본다.",,300000001,,2000001
10316,1000001,103,10000019,1002,100627,100628,100000001,,1,"“아닙니다. 저야 말로 갑작스러운 발령에 준비가 미흡한 점 죄송합니다.
저는 부관으로 임명된 피에르 소위라고 합니다.""",,300000001,200000001,2000001
10317,1000001,103,10000019,1002,100629,100630,100000001,1000000001,1,"“감사합니다. 그리고 아침부터 지휘관님을 뵙겠다고 기다리신 분이 있습니다.
들어 오시라고 하면 되겠습니까?”",,300000001,200000001,2000001
10318,1000001,103,10000019,1002,100631,100632,100000001,,1,"“아직 준비가 덜 된 점 양해 부탁드립니다.
저는 지휘관님의 부관으로 임명된 피에르 소위 라고 합니다.”",,300000001,200000001,2000001
10319,1000001,103,10000019,1002,100633,100634,100000001,,1,"“갑작스러운 발령이셨을 텐데, 제가 부관인 것을 기억해 주셔서 감사합니다.”",,300000001,200000001,2000001
10320,1000001,103,10000019,1002,100635,100636,100000001,1000000001,1,"“그리고 아침부터 지휘관님을 뵙겠다고 기다리신 분이 있습니다.
들어 오시라고 하면 되겠습니까?”",,300000001,200000001,2000001
10321,1000001,103,10000019,1002,100637,100638,100000001,1000000002,2,"그때 문이 열리고 하얀가운을 입은 사람이 정신없이 다가왔다.
“이야! 지휘관! 반갑네 반가워! 나는 슈뢰딩거 박사라고 하네.”",,300000001,200000008,2000001
10322,1000001,103,10000019,1002,100639,100640,100000001,,2,"내 말에 당황한 듯 슈뢰딩거 박사는 잠시 멈칫한다.
“아직 약속이 유효하네. 이길 때까지 이 전쟁을 할 수 있게 해주겠네”",,300000001,200000006,2000001
10323,1000001,103,10000019,1002,100641,100642,100000001,1000000002,,박사는 나를 보며 씨익 웃고는 다시 정신없이 혼자 떠들며 가버렸다.,,300000001,,2000001
10324,1000001,103,10000019,1002,100643,100644,100000001,1000000002,,"나를 보고 씨익 웃는 박사의 얼굴에 알 수 없는 거북한 감정이 피어난다.
박사는 다시 정신없이 혼자 떠들며 가버렸다.",,300000001,,2000001
10325,1000001,103,10000020,1002,100645,100646,100000001,1000000005,1,"“지휘관님. 오전 업무도 수고 많으셨습니다.
다과와 차를 준비 해드리겠습니다. 커피와 홍차가 있습니다.”",,300000001,200000001,2000001
10326,1000001,103,10000020,1002,100647,100648,100000001,,,"“커피만 아니면 되네.”
부관이 내온 홍차는 고급 홍차였는지 굉장히 좋은 풍미가 느껴졌다.",,300000001,,2000001
10327,1000001,103,10000020,1002,100649,100650,100000001,,,‘대화 없이 차만 홀짝일 수는 없다. 지금 머릿속을 팍 하고 지나가는 화재를 꺼내보자.’,,300000001,,2000001
10328,1000001,103,10000020,1002,100651,100652,100000001,,1,"“아시겠지만 지휘관님과 같은 날 발령 되셔서,
많은 새로운 기술들을 만들어 주셨습니다.”",,300000001,200000001,2000001
10329,1000001,103,10000020,1002,100653,100654,100000001,,1,"“괴짜이시긴 해도 병사들 생각을 많이 해주십니다. 다만 병사들 사이에 소문이지만
가끔 박사님과 똑같이 생긴 사람이 돌아다닌다고 합니다.”",,300000001,200000001,2000001
10330,1000001,103,10000020,1002,100655,100656,100000001,,1,"“맞습니다. 박사님이 만드신 치료기구들과 약품 덕에
의약품 부족은 어느정도 해소 됐습니다만..”",,300000001,200000005,2000001
10331,1000001,103,10000020,1002,100657,100658,100000001,,1,“먼저 화약 보급은 꾸준히 되고 있기 때문에 전투에 차질은 없어 보입니다.”,,300000001,200000001,2000001
10332,1000001,103,10000020,1002,100659,100660,100000001,,1,"“의약품쪽도 지난번 지휘관님이 힘써주신 덕분에 어느정도 해결되었지만
안정적인 보급은 아니기 때문에 급한 불만 끈 상황입니다.”",,300000001,200000001,2000001
10333,1000001,103,10000020,1002,100661,100662,100000001,,1,"“식료품쪽이 가장 문제입니다. 지금 당장 싸워야하는 병사들도
하루에 한끼식사로 버티고 있습니다.”",,300000001,200000005,2000001
10334,1000001,103,10000020,1002,100663,100664,100000001,,1,"“맞습니다. 아시겠지만.. 이 상황이 계속된다면 사기저하는 물론이고
전선을 이탈하는 병사들도 나올지도 모릅니다.”",,300000001,200000005,2000001
10335,1000001,103,10000020,1002,100665,100666,100000001,,,"‘장 미셸. 내 군사학교 동기이자 국왕 폐하의 조카. 질투심 많은 성격으로
학교에서도 나와 마찰이 많던 녀석이지..’",,300000001,,2000001
10336,1000001,103,10000020,1002,100667,100668,100000001,1000000008,,"‘그래 괜히 질투심 많은 녀석을 자극해서 내가 얻을게 무엇이 있겠는가.
차분한 메시지로 먼저 대화를 시작하는게 좋겠다.’",,300000001,,2000001
10337,1000001,103,10000020,1002,100669,100670,100000001,1000000008,,"‘강강약약이란 말이 있다. 강한 상대에게는 똑같이 강하게 나가야
내가 원하는 것을 얻어 낼 수 있을 것이다.’",,300000001,,2000001
10338,1000001,103,10000020,1002,100671,100672,100000001,1000000008,,메시지를 보내기 무섭게 다시 앞주머니에 넣었던 휴대용 전화기가 울린다.,,300000001,,2000001
10339,1000001,103,10000021,1002,100673,100674,100000001,1000000008,4,"홀로그램에 장 미셸의 얼굴이 보인다.
“이게 무슨일이야. 어찌 대단하신 지휘관님께서 먼저 연락을 주셨나이까?”",,300000001,200000011,2000001
10340,1000001,103,10000021,1002,100675,100676,100000001,,4,"“필요하니 연락이라군! 저엉말 영광이야.
아무런 연줄 없이 지휘관이 되신 뛰어나신 양반이 무슨 도움이 필요한가?”",,300000001,200000012,2000001
10341,1000001,103,10000021,1002,100677,100678,100000001,,,내 침착하고 냉정한 모습에 홀로그램 너머의 장 미셸은 당황한 표정을 짓는다.,,300000001,,2000001
10342,1000001,103,10000021,1002,100679,100680,100000001,,4,"“흠.. 그래.. 조국을 위한 건데 내가 선을 넘었네.
자네도 알지만 후방이라고 물자가 넉넉한건 아냐.”",,300000001,200000011,2000001
10343,1000001,103,10000021,1002,100681,100682,100000001,,4,"“흠.. 식료품이라면..
분명 레이몬드 백작과 로즈웰 백작이 어느정도 확보 하고 있을 걸세.”",,300000001,200000011,2000001
10344,1000001,103,10000021,1002,100683,100684,100000001,,4,“알겠지만 이자는 재물에 대한 욕심이 꽤나 대단한 양반이야. 이미 유명하지.”,,300000001,200000011,2000001
10345,1000001,103,10000021,1002,100685,100686,100000001,,4,"“자네.. 잘못 생각하고 있네. 레이몬드는 나라에서 걷어가는 군양미 조차
아까워하는 인물이야. 조국보다 돈이 우선인 양반이야.”",,300000001,200000011,2000001
10346,1000001,103,10000021,1002,100687,100688,100000001,,4,"“자네가 지금 귀족들과 정계에서 유명한건 사실이야. 촉망 받고 있지.
그러나 레이몬드 백작은 자신에게 돈이 되냐가 더욱 중요한 인물이야.”",,300000001,200000011,2000001
10347,1000001,103,10000021,1002,100689,100690,100000001,1000000009,4,“흠.. 알겠네 자네 뜻이 그렇다면. 일단 레이몬드 백작의 연락처를 남기겠네.”,,300000001,200000011,2000001
10348,1000001,103,10000021,1002,100691,100692,100000001,,,‘나 개인의 지원 요청으로 이자를 움직일 수 있을까?’,,300000001,,2000001
10349,1000001,103,10000021,1002,100693,100694,100000001,,,"전시 사령부에 요청하고 몇일이 지나자 소량의 식료품 지원이 왔다.
레이몬드 백작은 재산이 얼마 되지 않는다며 아쉬운 소리를 했다고 한다.",,300000001,,2000001
10350,1000001,103,10000021,1002,100695,100696,100000001,,,"레이몬드 백작은 전쟁으로 많은 재산을 잃었다며 1시간 동안 우는 소리를 했다.
결론은 지원은 못한다는 것이다.",,300000001,,2000001
10351,1000001,103,10000021,1002,100697,100698,100000001,1000000009,4,"“음.. 술을 좋아하고 여색을 밝히네.. 그것 외에는 딱히 생각이 안나는군..
일단 백작의 연락처를 남기겠네.”",,300000001,200000011,2000001
10352,1000001,103,10000021,1002,100699,100700,100000001,,,‘술과 여자라.. 귀축이 따로 없는 자군..’,,300000001,,2000001
10353,1000001,103,10000021,1002,100701,100702,100000001,,,"전장에서 귀한 술을 구할 수 있을리가 없다.
결국 보낸 술과 편지는 무시당했다.",,300000001,,2000001
10354,1000001,103,10000021,1002,100703,100704,100000001,,,"머리로는 최악이라고 생각하지만 병사들과 전쟁을 위해서다.
몇일이 지나고 백작의 지원이 도착했다.",,300000001,,2000001
10355,1000001,103,10000021,1002,100705,100706,100000001,,4,"“로즈웰 백작은 권력에 목숨을 거는 인물이야.
남작에서 백작까지 오르는데 단 10년 걸렸지.”",,300000001,200000011,2000001
10356,1000001,103,10000021,1002,100707,100708,100000001,,4,"“권력에 목숨을 건다고 해서 쉽게 고개를 숙인다는게 아냐.
심지어 자네는 연줄도 없지 않은가.”",,300000001,200000011,2000001
10357,1000001,103,10000021,1002,100709,100710,100000001,1000000009,4,“알겠네. 로즈웰 백작의 연락처를 남기지. 일이 잘 풀리길 바라네.”,,300000001,200000011,2000001
10358,1000001,103,10000021,1002,100711,100712,100000001,,,"‘연줄도 없는 나보단 전시 사령부의 명령이라면 잘보이기 위해
지원을 아끼지 않을 것이다.’",,300000001,,2000001
10359,1000001,103,10000021,1002,100713,100714,100000001,,,"내 생각은 적중했다.
사령부의 고위층에게 잘 보이기 위해 로즈웰 백작은 지원을 아끼지 않았다.",,300000001,,2000001
10360,1000001,103,10000021,1002,100715,100716,100000001,1000000009,4,“알겠네. 로즈웰 백작의 연락처를 남기지. 일이 잘 풀리길 바라네.”,,300000001,200000011,2000001
10361,1000001,103,10000021,1002,100717,100718,100000001,,,"‘난 최전방의 지휘관이고 대령의 지위를 가지고 있다.
물론 작위도 연줄도 없지만 말이다..’",,300000001,,2000001
10362,1000001,103,10000021,1002,100719,100720,100000001,,,"내 생각과는 다르게 로즈웰 백작은 통화내내 날 무시하는 투로 이야기했다.
퉁명스러운 대화 이후 지원이 도착했다.",,300000001,,2000001
10363,1000001,103,10000021,1002,100721,100722,100000001,,4,"“확실히.. 자네가 지금 정계나 귀족들 사이에서
꽤나 화두에 오르는 인물이라서 말이야.”",,300000001,200000011,2000001
10364,1000001,103,10000021,1002,100723,100724,100000001,,4,"“하루아침에 직위 상승은 물론 폐하가 직접 하사하신 명으로
최전선의 지휘관자리 까지. 안 유명할 수가 없지.”",,300000001,200000011,2000001
10365,1000001,103,10000021,1002,100725,100726,100000001,1000000009,4,“관심 보이겠지. 연락처 남겨놓겠네. 행운을 비네.”,,300000001,200000011,2000001
10366,1000001,103,10000021,1002,100727,100728,100000001,,,"천천히 시간을 가지고 로즈웰 백작과 친해지기로 하였다.
다행히 내 앞으로의 비전을 본 것 인지 꽤나 우호적인 관계가 되었다.",,300000001,,2000001
10367,1000001,103,10000021,1002,100729,100730,100000001,,,"한시가 급하지 않은가! 로즈웰 백작에게는 내가 사령부는 물론 폐하에게 까지
백작의 공을 알리기로 했고 공작의 작위까지 그를 지지 하기로 약속했다.",,300000001,,2000001
10368,1000001,103,10000022,1002,100731,100732,100000001,,,"12월 25일. 평화와 행복이 가득한 날이 되어야 하는 만큼
전장에 있는 병사들의 마음은 분명 심란할 것이다.",,300000001,,2000001
10369,1000001,103,10000022,1002,100733,100734,100000001,,1,"병사들에게 훈련을 쉬고 자율적인 시간을 갖게 하라는 명령을 내렸다.
“네. 그럼 해당 내용 알리겠습니다.”",,300000001,200000001,2000001
10370,1000001,103,10000022,1002,100735,100736,100000001,,,부관이 나간 뒤 금방 내 명령을 알리는 방송소리와 병사들의 함성이 들린다.,,300000001,,2000001
10371,1000001,103,10000022,1002,100737,100738,100000001,,,"간이로 만든 운동장에서 축구를 하는 병사들, 조용히 책을 읽는 병사들.
각자의 방식으로 휴식 시간을 즐기고 있다.",,300000001,,2000001
10372,1000001,103,10000022,1002,100739,100740,100000001,,1,"언제 적습이 있을지 모르니, 이런 때일 수록 경계를 해야한다.
“그럼 변동없이 일정들을 소화하도록 하겠습니다.”",,300000001,200000001,2000001
10373,1000001,103,10000022,1002,100741,100742,100000001,,,"나도 나설 채비를 하고 밖으로 나간다.
조금은 불만 있어보이는 표정들이 보인다.",,300000001,,2000001
10374,1000001,103,10000022,1002,100743,100744,100000001,,,그러니 우리도 경계를 강화해서 방심한 사이 공격당하는 일이 없게 해야한다.,,300000001,,2000001
10375,1000001,103,10000022,1002,100745,100746,100000001,1000000004,,병사들의 소리로 가득했던 진지는 총 소리와 함께 조용해졌다.,,300000001,,2000001
10376,1000001,103,10000022,1002,100747,100748,100000001,,1,"“경계를 서던 인원이 적진에서 적국의 병사들을 발견 했다고 합니다.”
먼저 상황을 파악한 부관의 뒤로 머리에 손을 얹고 끌려오는 병사들이 보인다.",,300000001,200000002,2000001
10377,1000001,103,10000022,1002,100749,100750,100000001,,1,"지금 날씨에 밖에 묶어둔다면 뭘 알아내기도 전에 얼어 죽을 것이다.
“저메니에서 도망쳐나온 탈영병들인것 같습니다.”",,300000001,200000001,2000001
10378,1000001,103,10000022,1002,100751,100752,100000001,,,덜덜 떠는 이들을 상대로 뭔가 알아내야한다면 일단은 이들에게 자비를 보여야한다.,,300000001,,2000001
10379,1000001,103,10000022,1002,100753,100754,100000001,,,"1시간 동안 이들에게서 알아낸 사실은.. 이들은 말단 병사이고, 아는 것이 없다라는 것.
그리고 저메니가 지배하는 국가에서 끌려온 자들이란 것이다.",,300000001,,2000001
10380,1000001,103,10000022,1002,100755,100756,100000001,,,"안타깝게 끌려온 자들이다. 내가 이들에게 할 수 있는 최선의 도리는
이들을 안전히 자신들의 고향으로 돌려 보내는 것이다.",,300000001,,2000001
10381,1000001,103,10000022,1002,100757,100758,100000010,,,"인간은 자비보단 고통을 받을때 진실을 말한다.
아주 간단한 방법이다.",,300000001,,2000001
10382,1000001,103,10000022,1002,100759,100760,100000010,,,고통을 주는 방법은 아주 많다.,,300000001,,2000001
10383,1000001,103,10000022,1002,100761,100762,100000010,,,"육체의 계속된 고통은 깊은 공포감을 심어준다.
결국 한명이 몸부림 치다 저메니의 보급 창고위치를 불었다.",,300000001,,2000001
10384,1000001,103,10000022,1002,100763,100764,100000010,1000000004,,"정신적 공포감은 육체의 고통보다 더 확실한 피드백을 준다.
결국 공포에 몰린 한명이 저메니의 보급 창고위치를 불었다.",,300000001,,2000001
10385,1000001,103,10000022,1002,100765,100766,100000010,,,"“잘 들어라. 이자들을 묶어두고
그 누구도 말을 걸지말고, 음식도, 물도 주지 말도록.”",,300000001,,2000002
10386,1000001,103,10000022,1002,100767,100768,100000010,,,"약 3시간 후. 창백해진 얼굴, 파래진 입술,
덜덜 떨리는 모습으로 운동장 한가운데 묶여있는 병사들에게 다가간다.",,300000001,,2000001
10387,1000001,103,10000022,1002,100769,100770,100000010,,,"공포는 때로 그 사람을 따라야 하는 이유가 되기도 한다.
가혹 할지 몰라도, 내 병사들 또한 이를 보고 날 따를 터이다.",,300000001,,2000001
10388,1000001,103,10000022,1002,100771,100772,100000010,,,"얼어있는 피부에 가해지는 충격은 몇배의 고통으로 돌아올 것이다.
결국 병사중 한명이 피를 흘리며 저메니 군수 공장의 위치를 불었다.",,300000001,,2000001
10389,1000001,103,10000022,1002,100773,100774,100000010,,,"온몸이 얼어있는 사람의 정강이를 군화발로 밟는다면 그 고통은 몇배가 될 것이다.
결국 동료의 비명에 한명이 저메니 군수 공장의 위치를 불었다.",,300000001,,2000001
10390,1000001,103,10000023,1002,100775,100776,100000011,1000000002,2,“이야! 지휘관 병..과학..전략화..사령부?에 어서오게!”,,300000003,200000008,2000001
10391,1000001,103,10000023,1002,100777,100778,100000011,,,잘 정리된 실험기구들 사이로 산만한 발소리와 함께 슈뢰딩거 박사가 다시 쏙 들어갔다.,,300000003,,2000001
10392,1000001,103,10000023,1002,100779,100780,100000011,,2,"“아하하! 다른게 아니고 지휘관 몸상태도 볼겸,
신 기술에 관한 논의도 할 겸해서 불렀지.”",,300000003,200000006,2000001
10393,1000001,103,10000023,1002,100781,100782,100000011,,2,“그게 무슨 말인가? 여긴 보다시피 잘 정리되어 있네만.”,,300000003,200000006,2000001
10394,1000001,103,10000023,1002,100783,100784,100000011,,2,“손목 통증이라던가.. 꿈을 자주 꾼다던가? 그런 게있나?”,,300000003,200000010,2000001
10395,1000001,103,10000023,1002,100785,100786,100000011,,2,“흐음 그렇고만.. 언제든지 그런게 있다면 말하게.”,,300000003,200000006,2000001
10396,1000001,103,10000023,1002,100787,100788,100000011,,2,“아하하. 그렇지 그게 먼저지. 자자 날 따라와보게.”,,300000003,200000006,2000001
10397,1000001,103,10000023,1002,100789,100790,100000011,,,사람이 들어갈 만한 터널 같은 것이 눈에 보인다.,,300000003,,2000001
10398,1000001,103,10000023,1002,100791,100792,100000011,,2,"“여기 프로토타입들을 보게.
혹시 지휘관은 지금 병사들에게 어떤 장비가 가장 먼저 보급되어야 한다고 생각하나?”",,300000003,200000006,2000001
10399,1000001,103,10000023,1002,100793,100794,100000011,1000000009,2,"“이 수류탄은 어떤가? 날카로운 파편 대신 작은 전기탄환이 발사되어 감전은 물론
전자 장비들을 쇼트 시킬수 있는 폭탄이네.”",,300000003,200000006,2000001
10400,1000001,103,10000023,1002,100795,100796,100000011,,2,“오.. 비살상이라.. 왜 그렇게 생각하는 건가? 지휘관.”,,300000003,200000010,2000001
10401,1000001,103,10000023,1002,100797,100798,100000011,,2,“흠.. 전쟁에서 그런 선의가 어떻게 돌아올지 생각해본 적 있나?”,,300000003,200000006,2000001
10402,1000001,103,10000023,1002,100799,100800,100000011,,,“전쟁에서 우린 인간다움을 지켜야 합니다. 불필요한 살생은 인류사에 있어선 안됩니다.”,,300000003,,2000004
10403,1000001,103,10000023,1002,100801,100802,100000011,,2,"“알겠네. 지휘관. 그렇게 준비하도록 하지.”
박사는 옅은 미소와 함께 다시 실험기구들 사이로 사라졌다.",,300000003,200000006,2000001
10404,1000001,103,10000023,1002,100803,100804,100000011,,2,"“아직 크리스마스의 기적을 믿고 있는 것인가?
그때가 달콤하긴 했지만.. 지휘관 이건 전쟁이야. 그사실을 잊지 말게.”",,300000003,200000006,2000001
10405,1000001,103,10000023,1002,100805,100806,100000011,,2,"“요청한대로 제작 들어가겠네. 하지만 한번 잘 생각해보게.
자네가 이 전쟁에서 보여줄 선의가 어떤 날개짓이 될지.”",,300000003,200000006,2000001
10406,1000001,103,10000023,1002,100807,100808,100000011,,2,“음 강하게 만들 수는 있지만 알겠지만 감전이라면 사람을 태워버릴 수도 있는 거야.”,,300000003,200000006,2000001
10407,1000001,103,10000023,1002,100809,100810,100000011,,2,“잔혹한 처사라고 생각 되지 않는가?”,,300000003,200000006,2000001
10408,1000001,103,10000023,1002,100811,100812,100000011,,2,"“알겠지만 엄청난 고통이 동반되는 그리 자비로운 죽음이 아닌 것 일거야.
생각 잘했네. 지휘관.”",,300000003,200000006,2000001
10409,1000001,103,10000023,1002,100813,100814,100000011,,2,"“알겠네. 지휘관. 그렇게 준비하도록 하지.”
박사는 고개를 끄덕 하곤 다시 실험기구들 사이로 사라졌다.",,300000003,200000006,2000001
10410,1000001,103,10000023,1002,100815,100816,100000011,,2,"“펄스 건이 살상 무기인 것은 맞네만 서로 궤가 다르네.
이건 광범위에 고문과도 같은 고통을 주며 사람을 죽이는 무기인거야.”",,300000003,200000006,2000001
10411,1000001,103,10000023,1002,100817,100818,100000011,,2,"“흠.. 지휘관의 생각이 그렇다면.. 알겠네.”
박사는 조금은 싸늘한 표정으로 실험기구들 사이로 사라졌다.",,300000003,200000006,2000001
10412,1000001,103,10000023,1002,100819,100820,100000011,,,“지금 당장 병사들을 위한 보조장비가 시급합니다.”,,300000003,,2000001
10413,1000001,103,10000023,1002,100821,100822,100000011,1000000007,2,"“이 슈트는 착용한 사람의 근력을 올려주는 슈트네.
지금은 유압실린더를 이용해 조금 큰 느낌이네.”",,300000003,200000006,2000001
10414,1000001,103,10000023,1002,100823,100824,100000011,,2,"“줄일 수 있지. 다만 그렇게 되면 들어가는 부품이나 실린더도 소형화 해야해서
기능적인건 좀 줄지만 부피가 많이 줄어들꺼야.”",,300000003,200000006,2000001
10415,1000001,103,10000023,1002,100825,100826,100000011,,2,“오.. 지휘관 대단하구만! 그정도 생각까진 하지 못했다네!”,,300000003,200000007,2000001
10416,1000001,103,10000023,1002,100827,100828,100000011,,2,"“알겠네. 지휘관. 그렇게 준비하도록 하지.”
박사는 옅은 미소와 함께 다시 실험기구들 사이로 사라졌다.",,300000003,200000006,2000001
10417,1000001,103,10000023,1002,100829,100830,100000011,,2,"“음.. 못해도 뼈는 부러질 것이고.. 심하면 내부 장기파열까지 갈 수 있지?
이 부분이 중요한가? 지휘관.”",,300000003,200000010,2000001
10418,1000001,103,10000023,1002,100831,100832,100000011,,2,“오.. 확실히 그렇구만 지휘관! 안전 가이드 또한 내가 준비해 보도록 하지.”,,300000003,200000007,2000001
10419,1000001,103,10000023,1002,100833,100834,100000011,,2,"“알겠네. 지휘관. 그렇게 준비하도록 하지.”
박사는 옅은 미소와 함께 다시 실험기구들 사이로 사라졌다.",,300000003,200000006,2000001
10420,1000001,103,10000023,1002,100835,100836,100000011,,2,"“이건 무기를 상정하고 만든게 아니네만.. 자네도 알겠지만
테스트 또한 무기로서 진행 한것이 아니라 어떤 문제가 생길지 모르네.”",,300000003,200000006,2000001
10421,1000001,103,10000023,1002,100837,100838,100000011,,2,"“자네 뜻이 그렇다면.. 알겠네. 그렇게 하도록 하지.”
박사는 조금은 싸늘한 표정으로 실험기구들 사이로 사라졌다.",,300000003,200000006,2000001
10422,1000001,103,10000023,1002,100839,100840,100000011,1000000007,2,“이 천은 전력이 보급되면 플라즈마 에너지로 보호막을 만들어 준다네.”,,300000003,200000006,2000001
10423,1000001,103,10000023,1002,100841,100842,100000011,,2,"“군복이라면.. 군복의 내피로 만들어서..”
박사는 씨익 웃으며 혼자 중얼대기 시작한다.",,300000003,200000010,2000001
10424,1000001,103,10000023,1002,100843,100844,100000011,,2,“아! 미안하네. 오래 걸리진 않네만 돈과 자원이 많이 들어가는 것이 문제네.”,,300000003,200000006,2000001
10425,1000001,103,10000023,1002,100845,100846,100000011,,,일단 이곳 저곳에 자금 지원을 부탁해 봐야 할 것 같다.,,300000003,,2000001
10426,1000001,103,10000023,1002,100847,100848,100000011,,,우리가 가진 자원으로 일부 군복만 업그레이드 하는 방향으로 가야 겠다.,,300000003,,2000001
10427,1000001,103,10000024,1002,100849,100850,100000008,,,"‘내가 이곳에 온지도 3년. 전쟁은 햇수로만 6년이 되어간다.
길어지는 전쟁은 점점 연합국에게는 피로도로 우리 병사들에게는 앞이 보이지 않는 어둠이다.’",,300000001,,2000001
10428,1000001,103,10000024,1002,100851,100852,100000008,,1,“지휘관님. 브리핑 계속 들으시겠습니까? 왠지 피곤해 보이십니다.”,,300000001,200000001,2000001
10429,1000001,103,10000024,1002,100853,100854,100000008,1000000027,1,“지휘관님. 저메니에 있는 저희 스파이인 제롬 상사가 암호문을 보내왔습니다.”,,300000001,200000001,2000001
10430,1000001,103,10000024,1002,100855,100856,100000008,,,“이번주 목요일.. 19시.. 저메니의 전선 보급 열차가 … 지나간다..”,,300000001,,2000001
10431,1000001,103,10000024,1002,100857,100858,100000008,,1,"“제롬 상사가 보낸 좌표에는 적군의 대공포도 없고..
적들의 감시도 비교적 느슨한 곳으로 보입니다.”",,300000001,200000005,2000001
10432,1000001,103,10000024,1002,100859,100860,100000008,,1,"“그럼 아예 보급을 끊을 수 있긴합니다.
연합국들도 보급로를 막는 방향으로 작전을 하고 있어 좋을 것 같지만..”",,300000001,200000005,2000001
10433,1000001,103,10000024,1002,100861,100862,100000008,,1,"“아시지만 저희도 보급로가 공격받아서 폭격용 폭탄이 부족한 상황입니다.
그리고 지금 저희군에 가용가능한 레이더 차폐 전투기가 없습니다.”",,300000001,200000005,2000001
10434,1000001,103,10000024,1002,100863,100864,100000008,,1,"“발각될 가능성이 크고.. 그럼 작전도 이행하지 못한채 돌아오거나,
더 나쁜 경우라면 그대로 격추될 가능성이 있습니다.”",,300000001,200000001,2000001
10435,1000001,103,10000024,1002,100865,100866,100000008,,1,"“대공포는 없지만 그곳을 지키는 적군들의 코일건이나 플라즈마건 이라면
충분히 위협적입니다.”",,300000001,200000001,2000001
10436,1000001,103,10000024,1002,100867,100868,100000008,,,"“그럼 좀 더 상황을 보도록 하지.
일단 해당 지역으로 잠입부대를 침투시켜 상황을 보고하게 하도록.”",,300000001,,2000001
10437,1000001,103,10000024,1002,100869,100870,100000008,,1,“저희 병사를 희생시키면서 말입니까?”,,300000001,200000005,2000001
10438,1000001,103,10000024,1002,100871,100872,100000008,,,"“부대내에 가장 전투기 조종이 능숙한 자를 선별해 해당 작전을 숙지 시키고..
시뮬레이션 후 작전수행 할 수 있도록.”",,300000001,,2000001
10439,1000001,103,10000024,1002,100873,100874,100000008,,1,"“곡사포 설치가 전투기 작전보다는 안전하나..
암행하여 설치 포인트까지 가는 것 자체가 그리 안전한 작전은 아닙니다.”",,300000001,200000001,2000001
10440,1000001,103,10000024,1002,100875,100876,100000008,,1,"“맞습니다. 그러나 침투 작전 자체가 큰 규모로 진행하는 것이 아니다 보니,
침투조의 공격으로 선로를 완전히 파괴하진 못할 것 입니다.”",,300000001,200000001,2000001
10441,1000001,103,10000024,1002,100877,100878,100000008,,1,“네. 그럼 그렇게 전달 하고 작전 진행하겠습니다.”,,300000001,200000001,2000001
10442,1000001,103,10000024,1002,100879,100880,100000008,,1,“침투조에게 부담이 될 것 입니다만.. 일단 그렇게 전하겠습니다.”,,300000001,200000005,2000001
10443,1000001,103,10000024,1002,100881,100882,100000008,,1,“음.. 그곳까지 잠입부대를 보내고 기차를 탈취한다는 것 입니까?”,,300000001,200000005,2000001
10444,1000001,103,10000024,1002,100883,100884,100000008,,1,“하지만 전선에서 꽤 들어가 있어 저희 병사들에게도 위험할 수 있습니다.”,,300000001,200000001,2000001
10445,1000001,103,10000024,1002,100885,100886,100000008,,1,“혹시 그래야만 하는 이유가 있으십니까?”,,300000001,200000001,2000001
10446,1000001,103,10000024,1002,100887,100888,100000008,,,"“이 전쟁이 길어 질 수록 우리 병사들에게도 좋을 건 없네.
하지만 큰 한방이 없다면 어쩔수 없이 소모전이야.”",,300000001,,2000001
10447,1000001,103,10000024,1002,100889,100890,100000008,,1,"“확실히.. 그렇군요. 지금 큰 한방을 할 수 없는 상황이니..
천천히 목을 조르는 수 밖에 없겠군요.”",,300000001,200000001,2000001
10448,1000001,103,10000024,1002,100891,100892,100000008,,,"“알겠지만 지금 우리 보급품이 귀한 상황이야.
적군의 보급품이라도 털어야지. 우리가 찬밥 더운밥 가릴때가 아니야.”",,300000001,,2000001
10449,1000001,103,10000024,1002,100893,100894,100000008,,1,“보급품이 중요하긴 합니다만.. 알겠습니다. 그렇게 전달 하겠습니다.”,,300000001,200000005,2000001
10450,1000001,104,10000028,1003,100895,100896,100000001,,,"저릿한 손목과 깨질듯한 머리.
악몽을 꾼듯 온몸이 땀에 젖어 있다.",,300000001,,2000001
10451,1000001,104,10000028,1003,100897,100898,100000001,,,‘눈앞의 모든 것이 꿈에서 본듯 흐릿한 기억이 겹쳐보인다.’,,300000001,,2000001
10452,1000001,104,10000028,1003,100899,100900,100000001,,,"‘후방에서 물자와 군수 물품이나 관리하던 장교인 나는
국왕 폐하의 명을 받아 하루아침에 전선 최전방의 지휘관이 되었다.’",,300000001,,2000001
10453,1000001,104,10000028,1003,100901,100902,100000001,,,나를 향해 경례하는 병사들. 분명 처음 보는 이들임에도 익숙한 얼굴이다.,,300000001,,2000001
10454,1000001,104,10000028,1003,100903,100904,100000001,,,"약에 취해 있어서 그런 것인가..
계속 쏟아지는 땀과 흐릿한 기억과 싸우며 왠지 모르게 익숙한 복도를 걷는다.",,300000001,,2000001
10455,1000001,104,10000028,1003,100905,100906,100000001,,,"‘분명 여기 쯤에서 병사들이 경례를 했었지..’
꿈에서 본 그대로다.",,300000001,,2000001
10456,1000001,104,10000028,1003,100907,100908,100000001,1000000001,,지휘관 실 문을 열고 들어서자 분주한 듯 움직이는 병사가 눈에 띈다.,,300000001,,2000001
10457,1000001,104,10000028,1003,100909,100910,100000001,,,"너무 작은 목소리였나보다.
크흠 하는 목소리를 가다듬는 소리에 병사는 놀라 뒤를 바라본다.",,300000001,,2000001
10458,1000001,104,10000028,1003,100911,100912,100000001,,1,"“아닙니다. 저야 말로 갑작스러운 발령에 준비가 미흡한 점 죄송합니다.
저는 부관으로 임명된 피에르 소위라고 합니다.",,300000001,200000001,2000001
10459,1000001,104,10000028,1003,100913,100914,100000001,,1,"“아직 준비가 덜 된 점 양해 부탁드립니다.
저는 지휘관님의 부관으로 임명된 피에르 소위 라고 합니다.”",,300000001,200000001,2000001
10460,1000001,104,10000028,1003,100915,100916,100000001,,1,"“갑작스러운 발령이셨을 텐데, 제가 부관인 것을 기억해 주셔서 감사합니다.”",,300000001,200000001,2000001
10461,1000001,104,10000028,1003,100917,100918,100000001,,1,“그런데.. 지휘관님 괜찮으신가요? 안색이 안좋으십니다.”,,300000001,200000005,2000001
10462,1000001,104,10000028,1003,100919,100920,100000001,1000000002,2,"그때 문이 열리고 하얀가운을 입은 사람이 정신없이 다가왔다.
“지휘관! 긴장했나? 안색이 창백하구만! 나는 슈뢰딩거라고 하네.”",,300000001,200000008,2000001
10463,1000001,104,10000028,1003,100921,100922,100000001,,2,"박사는 내 상태를 살피듯 계속 위아래로 훑어 본다.
“앞으로 승리까지 잘부탁하네.”",,300000001,200000006,2000001
10464,1000001,104,10000028,1003,100923,100924,100000001,1000000002,,박사는 나를 보며 씨익 웃고는 다시 정신없이 혼자 떠들며 가버렸다.,,300000001,,2000001
10465,1000001,104,10000028,1003,100925,100926,100000001,1000000002,,"나를 보고 씨익 웃는 박사의 얼굴에 알 수 없는 거북한 감정이 피어난다.
박사는 다시 정신없이 혼자 떠들며 가버렸다.",,300000001,,2000001
10466,1000001,104,10000029,1003,100927,100928,100000001,,,"이곳에 발령난 뒤 반년정도 지난 것 같다.
그 사이 알 수 없는 불안감에 나는 부대내를 계속해서 시찰했다.",,300000024,,2000001
10467,1000001,104,10000029,1003,100929,100930,100000001,1000000003,1,"“현재 물자 상황이 적힌 보고서 입니다.
마지막 페이지에 각 물품의 수량이 기재 되어 있으니, 참고하시면 될 것 같습니다.”",,300000024,200000001,2000001
10468,1000001,104,10000029,1003,100931,100932,100000001,,,‘창고끼리의 거리가 좀 있는데 어디 부터 살펴 봐야 할까?’,,300000024,,2000001
10469,1000001,104,10000029,1003,100933,100934,100000001,,,‘전쟁에서 중요한 것은 화력이 아니겠는가. 화약고를 우선적으로 확인해야 겠다.’,,300000024,,2000001
10470,1000001,104,10000029,1003,100935,100936,100000001,1000000003,,"각종 탄약들과 폭탄, 지뢰 등이 안전하게 보관되어 있는 공간이다.",,300000024,,2000001
10471,1000001,104,10000029,1003,100937,100938,100000001,,1,"“코일건, 플라즈마건의 배터리 팩은 재활용이 가능하고
각종 폭약 류도 프란츠의 공장들이 군수공장으로 전환되며
충분한 보급을 확보하고 있습니다.”",,300000024,200000001,2000001
10472,1000001,104,10000029,1003,100939,100940,100000001,,1,"“전쟁이 3년 넘게 지속되다보니 철재부족 현상이 나타나고 있어..
단순화기 탄환은 보급이 원활 하지 않습니다..”",,300000024,200000001,2000001
10473,1000001,104,10000029,1003,100941,100942,100000001,1000000003,,겉보기엔 깔끔하게 정리된 선반과 공간에 총기류와 각종 병기들이 놓여있다.,,300000024,,2000001
10474,1000001,104,10000029,1003,100943,100944,100000001,,1,"“아시겠지만 새로운 무기를 보급 받는게 어려운 현실입니다.
그래서 에너지 총기외에 1차 대전때 쓰던 단순 화기까지 사용하고 있는 상황입니다.”",,300000024,200000001,2000001
10475,1000001,104,10000029,1003,100945,100946,100000001,,1,"“계속 수리해서 사용하고 있긴 하지만, 장비가 빠르게 노후화 되다보니
부품을 갈아끼우면서 어떻게든 사용하고 있는 상황입니다.”",,300000024,200000001,2000001
10476,1000001,104,10000029,1003,100947,100948,100000001,,,"‘전쟁의 가장 중요한 자산은 병사 아니겠는가.
먹어야 싸우고, 다치면 치료해야 하지 않겠는가.’",,300000024,,2000001
10477,1000001,104,10000029,1003,100949,100950,100000001,1000000003,,‘턱없이 부족한 양이다. 이정도로는 앞으로 반년. 길어야 7개월 정도의 분량이다.’,,300000024,,2000001
10478,1000001,104,10000029,1003,100951,100952,100000001,,1,“라힐 하사입니다. 해당 보고서도 라힐 하사가 작성한 것입니다.”,,300000024,200000001,2000001
10479,1000001,104,10000029,1003,100953,100954,100000001,,1,“배급은 그대로 유지하라. 그렇게 전달 해놓겠습니다.”,,300000024,200000001,2000001
10480,1000001,104,10000029,1003,100955,100956,100000001,,1,“배급을 조금 줄여라. 그렇게 전달 해 놓겠습니다.”,,300000024,200000005,2000001
10481,1000001,104,10000029,1003,100957,100958,100000001,1000000003,,"‘척봐도 부족한 양의 의료품이다.
앞으로의 병사들을 치유하는데 있어 큰 장애물로 작용 할 것이다.’",,300000024,,2000001
10482,1000001,104,10000029,1003,100959,100960,100000001,,1,“최근 전투에서 많은 부상자가 발생해 지금 많은 양의 의료품이 사용됬습니다.”,,300000024,200000005,2000001
10483,1000001,104,10000029,1003,100961,100962,100000001,,1,“그렇지만.. 지금 병상에 있는 병사들은..”,,300000024,200000002,2000006
10484,1000001,104,10000029,1003,100963,100964,100000001,,1,“알겠습니다. 사용량은 유지하도록 하겠습니다.”,,300000024,200000001,2000001
10485,1000001,104,10000029,1003,100965,100966,100000001,,1,"“아시겠지만 타국도 상황이 그리 좋은 편이 아닙니다.
저희 주변국들도 지금 3년여간의 전쟁을 치르고 있다보니..”",,300000024,200000001,2000001
10486,1000001,104,10000029,1003,100967,100968,100000001,,,“내가 한명.. 이상황을 도와줄 사람을 알고있네.”,,300000024,,2000006
10487,1000001,104,10000029,1003,100969,100970,100000001,,1,“위험하지 않을까요? 그런 사람이라면..?”,,300000024,200000005,2000001
10488,1000001,104,10000030,1003,100971,100972,100000001,1000000008,33,“헤이헤이. 소령~ 아니 이제 지휘관이라고 해야하나? 소식은 들었어. 대단하군 그래.”,,300000001,200000046,2000001
10489,1000001,104,10000030,1003,100973,100974,100000001,,33,“그동안 연락이 없어서 서운할 뻔 했어. 친구”,,300000001,200000046,2000001
10490,1000001,104,10000030,1003,100975,100976,100000001,,33,“바로 본론이라.. 내가 이래서 자네를 좋아하는거야. 딱 명확하잖아.”,,300000001,200000045,2000001
10491,1000001,104,10000030,1003,100977,100978,100000001,1000000009,33,"“흠.. 전시에는 구하기 힘든 것들이 좀 있구만..
그래도 값만 제대로 쳐준다면 일주일 안에 전투기도 구해다주는게 바로 나 제이크지.”",,300000001,200000046,2000001
10492,1000001,104,10000030,1003,100979,100980,100000001,,33,"“지금 같은 전시에 거래할 수 있는게 뭐가 있겠나.
돈은 이미 휴지조각이고. 난 정보를 원하네.”",,300000001,200000045,2000001
10493,1000001,104,10000030,1003,100981,100982,100000001,,33,"“내가 듣기로 슈뢰딩거 박사가 지금 그 전선에 있다지?
프란츠 전차 병기 관련된 최신 정보를 좀 얻고 싶은데 말이야”",,300000001,200000045,2000001
10494,1000001,104,10000030,1003,100983,100984,100000001,,33,"“에헤이 서운하구만 지휘관. 알지만 나도 조국이
연합군으로 참전하고 있는 국가의 사람이야. 내가 저메니에 정보를 팔겠나?”",,300000001,200000046,2000001
10495,1000001,104,10000030,1003,100985,100986,100000001,,33,"“연합군이 소비엔의 글루스크에서 작전이 하나 있을 거라고 하던데..
참여하는 국가들의 리스트를 알고 싶네.”",,300000001,200000045,2000001
10496,1000001,104,10000030,1003,100987,100988,100000001,,33,"“이정보는 저메니가 아닌 내 조국에 팔릴거야.
내가 어디에 팔건지까지 이야기해야 나를 믿겠나? 서운하군. 지휘관.”",,300000001,200000047,2000001
10497,1000001,104,10000030,1003,100989,100990,100000001,,,“미안하지만 자네를 믿을 수 없네 제이크.”,,300000001,,2000001
10498,1000001,104,10000030,1003,100991,100992,100000001,,33,"“아무리 그래도 저메니는 내 나라의 적국이네.
내가 나라 까지 배신하며 돈을 벌려는 사람으로 보이나.”",,300000001,200000045,2000001
10499,1000001,104,10000030,1003,100993,100994,100000001,,33,“그래 아쉽게 됐네. 적어도 자네 눈에 내가 어떤 사람인지도 알았네.”,,300000001,200000047,2000001
10500,1000001,104,10000030,1003,100995,100996,100000001,,,"‘그가 하는 말을 믿는다고 해도 여전히 이것은 군 기밀의 유출이다
 지금 당장의 상황의 모면하기 위해 난 선택을 해야한다.’",,300000001,,2000001
10501,1000001,104,10000030,1003,100997,100998,100000001,,,“알겠네. 정보가 준비되면 자네에게 다시 연락 하도록 하겠네.”,,300000001,,2000001
10502,1000001,104,10000030,1003,100999,101000,100000001,,,얼마후 나는 정보를 댓가로 보급을 받아 볼 수 있었다.,,300000001,,2000001
10503,1000001,104,10000030,1003,101001,101002,100000001,,,“미안하지만 그건 안되겠어. 군 기밀을 댓가로 하기엔 리스크가 너무 많네.”,,300000001,,2000001
10504,1000001,104,10000030,1003,101003,101004,100000001,,,아쉽게 됐다는 말과 함께 통화는 끝났고 아무 수확없이 거래가 끝났다.,,300000001,,2000001
10505,1000001,104,10000031,1003,101005,101006,100000008,,,"12월20일. 곧 있을 크리스마스에 전장에도 들뜬 마음이 피어나고 있을 시기.
하나의 메시지가 나의 그런 마음을 사라지게 한다.",,300000001,,2000001
10506,1000001,104,10000031,1003,101007,101008,100000008,1000000027,1,“지휘관님. 저메니에 있는 저희 스파이인 제롬 상사로 부터 메시지 입니다.”,,300000001,200000001,2000001
10507,1000001,104,10000031,1003,101009,101010,100000008,,,“12월 25일.. 적진에는.. 크리스마스 축제가.. 있을 것..”,,300000001,,2000005
10508,1000001,104,10000031,1003,101011,101012,100000008,,1,"“저메니의 총통 측근이라면 제거 하는 편이 좋긴 합니다만..
이 측근은 어딜가나 자신의 가족을 데리고 다니는 것으로 유명합니다.”",,300000001,200000001,2000001
10509,1000001,104,10000031,1003,101013,101014,100000008,,1,“지휘관님. 그건 너무 과한 방식이 이라고 생각됩니다.”,,300000001,200000001,2000001
10510,1000001,104,10000031,1003,101015,101016,100000008,,1,“연합국의 비난을 피할 수 없을 것 입니다.”,,300000001,200000001,2000001
10511,1000001,104,10000031,1003,101017,101018,100000008,,1,“학살이라는 비난을 피하기 위해선.. 경고라도.. 해야 할것 같습니다.”,,300000001,200000005,2000001
10512,1000001,104,10000031,1003,101019,101020,100000008,,,“그럼 경고문을 준비해 주게.”,,300000001,,2000001
10513,1000001,104,10000031,1003,101021,101022,100000008,,1,“죄송합니다만 그건..”,,300000001,200000005,2000001
10514,1000001,104,10000031,1003,101023,101024,100000008,,1,“알겠습니다. 그럼 당일 전까진 병사들에게 알리진 않겠습니다.”,,300000001,200000005,2000001
10515,1000001,104,10000031,1003,101025,101026,100000008,,,“20분 정도면 충분히 적군도 대비할 수 있는 시간일 거야.”,,300000001,,2000001
10516,1000001,104,10000031,1003,101027,101028,100000008,,1,“알겠습니다. 그럼 당일 전까진 병사들에게 알리진 않겠습니다.”,,300000001,200000001,2000001
10517,1000001,104,10000031,1003,101029,101030,100000008,,1,“하지만.. 그곳에 총통 측근의 가족이 있을 수도 있습니다. 그들은 민간인 아닙니까.”,,300000001,200000005,2000001
10518,1000001,104,10000031,1003,101031,101032,100000008,,,“괜한 죄책감을 갖게 되면 사기만 떨어질 뿐이지.”,,300000001,,2000001
10519,1000001,104,10000031,1003,101033,101034,100000008,,1,“알겠습니다.. 그렇게 하겠습니다.”,,300000001,200000005,2000001
10520,1000001,104,10000031,1003,101035,101036,100000008,,,“폭격에 불타버리고 박살난 시체는 알아보기 힘들지.”,,300000001,,2000001
10521,1000001,104,10000031,1003,101037,101038,100000008,,1,“알겠습니다.. 그렇게 하겠습니다.”,,300000001,200000005,2000001
10522,1000001,104,10000031,1003,101039,101040,100000008,,1,"“아무리 적군이 전투태세가 아니라고 해도..
적진 한가운데로 우리 병사들을 보내는 것은.. 위험할 것 같습니다.”",,300000001,200000001,2000001
10523,1000001,104,10000031,1003,101041,101042,100000008,,1,“투입 된다면 붙잡은 자들은 어떻게 할 생각이십니까?”,,300000001,200000001,2000001
10524,1000001,104,10000031,1003,101043,101044,100000008,,1,"“하지만 지휘관님. 저희 포로 수용소는 포화 상태라
수용할 공간과 물자가 없습니다.”",,300000001,200000001,2000001
10525,1000001,104,10000031,1003,101045,101046,100000008,,1,"“간이 수용소라면 탈출할 가능성도 있고..
물자소비 없이 간이라면.. 얼어죽는 사람이 생길 수 도 있습니다.”",,300000001,200000001,2000001
10526,1000001,104,10000031,1003,101047,101048,100000008,,1,“음.. 그건 연합국의 비난을 피하기 어려워 보입니다.”,,300000001,200000005,2000001
10527,1000001,104,10000031,1003,101049,101050,100000008,,1,“알겠습니다.. 그렇게 하겠습니다.”,,300000001,200000005,2000001
10528,1000001,104,10000031,1003,101051,101052,100000008,,1,“확실히 그렇게 하면 저희 부대의 부담은 없이 포로확보가 가능 할 것 같습니다.”,,300000001,200000002,2000001
10529,1000001,104,10000031,1003,101053,101054,100000008,,,"“그리고 병사들에게 협상카드로 쓰이게 할 만큼
최대한 다치지 않게 포로를 확보 하라고 전해주게.”",,300000001,,2000001
10530,1000001,104,10000031,1003,101055,101056,100000008,,1,“그럼 그렇게 작전 준비하도록 하겠습니다.”,,300000001,200000001,2000001
10531,1000001,104,10000031,1003,101057,101058,100000008,,1,“불필요한 인원이라고 한다면..”,,300000001,200000005,2000001
10532,1000001,104,10000031,1003,101059,101060,100000008,,1,“그건 연합국의 비난을 피할 수 없을 것 입니다. 지휘관님.,,300000001,200000001,2000001
10533,1000001,104,10000031,1003,101061,101062,100000008,,1,“그렇다면 민간인..이 있다면 어떻게 합니까?”,,300000001,200000001,2000001
10534,1000001,104,10000031,1003,101063,101064,100000008,,1,“그럼 그렇게 작전 준비하도록 하겠습니다.”,,300000001,200000001,2000001
10535,1000001,104,10000031,1003,101065,101066,100000008,,1,“알겠습니다.. 그렇게 하겠습니다.”,,300000001,200000005,2000001
10536,1000001,104,10000032,1003,101067,101068,100000001,,,“박사의 부름으로 병과학전략화사령부를 찾아왔는데..”,,300000003,,2000001
10537,1000001,104,10000032,1003,101069,101070,100000001,,,깔끔히 정리된 연구장비들과 차곡차고 잘 쌓여 있는 파일들이 눈에 들어온다.,,300000003,,2000001
10538,1000001,104,10000032,1003,101071,101072,100000001,,,전에 본 것 같은 느낌이 드는 기구들이 잔뜩 있다.,,300000003,,2000001
10539,1000001,104,10000032,1003,101073,101074,100000001,,,"알 수 없는 장비들 사이에 명칭이 적힌 표가 보인다.
‘천사의 압정’",,300000003,,2000001
10540,1000001,104,10000032,1003,101075,101076,100000001,,,"‘공기의 저항을 최소화한 작지만 무거운 강철 못을 떨어뜨려
화약없이 적들의 군모를 뚫어버릴 수 있다.’",,300000003,,2000005
10541,1000001,104,10000032,1003,101077,101078,100000001,,,"다른 기구들을 살펴보다 작은 비행 물체를 들어올려 이름을 보고 내려놓는다.
“조종사가 외부에 있는 소형 비행기..”",,300000003,,2000001
10542,1000001,104,10000032,1003,101079,101080,100000001,,,눈에 바로 보이는 인공위성 같은 발명품에 다가간다.,,300000003,,2000001
10543,1000001,104,10000032,1003,101081,101082,100000001,,,“신의 지팡이. 박사의 이름 짓는 취미가 어떤지 잘 알겠군.”,,300000003,,2000001
10544,1000001,104,10000032,1003,101083,101084,100000001,,,"윗부분이 찢겨 잘 알아보기 어렵다.
‘인공위성의 위치에서 지구로 100톤 가량의 텅스텐 막대를 떨어뜨린다.’",,300000003,,2000001
10545,1000001,104,10000032,1003,101085,101086,100000001,,,‘무슨 연구들에 관련된 문서인 것 같네.. 조금 읽어보자.’,,300000003,,2000001
10546,1000001,104,10000032,1003,101087,101088,100000001,,,"‘폭약, 에너지 등 소비재 없이 사용이 가능하며 회수하여
다시 재사용 가능한 중력무기의 가장 쉬운 방법은 위에서 아래로 떨어뜨리는 것 이다.’",,300000003,,2000005
10547,1000001,104,10000032,1003,101089,101090,100000001,,,"‘최초 제작 버전인 신의 지팡이와 그것의 축소판인 천사의 압정이 있다.
높은 위치에서 투사체를 떨어뜨려 지상에 피해를 가하는 방식이다.’",,300000003,,2000005
10548,1000001,104,10000032,1003,101091,101092,100000001,,,눈에 바로 보이는 인공위성 같은 발명품에 다가간다.,,300000003,,2000001
10549,1000001,104,10000032,1003,101093,101094,100000001,,,"‘인간의 선함과 악함은 태어날 때부터 정해지는 것이 아닌 후천적 결과물이라고 본다.
따라서 여러 상황에 있는 사람을 상대로 실험을 진행한다.’",,300000003,,2000005
10550,1000001,104,10000032,1003,101095,101096,100000001,,,"‘피험자들은 같은 상황과 다른 선택에 놓어야 하기에
계속해서 반복되는 실험을 견뎌야한다.
그과정에서 발생하는 인물의 변화는 유의미했다.’",,300000003,,2000005
10551,1000001,104,10000032,1003,101097,101098,100000001,,,‘그래도 난 인간의 선함을 증명하고 싶다.’,,300000003,,2000005
10552,1000001,104,10000032,1003,101099,101100,100000001,1000000002,2,"“아아아! 지휘관 그건 건들면 안되네!”
시끄러운 발소리와 함께 박사가 기구들 사이에서 튀어나온다.",,300000003,200000007,2000001
10553,1000001,104,10000032,1003,101101,101102,100000001,,2,"“아, 내가 불러 놓고 깜빡하다니.. 미안하네 지휘관.”",,300000003,200000006,2000001
10554,1000001,104,10000032,1003,101103,101104,100000001,,2,"“우주학에 대해 관심이 있나? 내가 요즘 그쪽에 관심이 생겨서 말이야.
그리고 재사용의 가능성과 화약을 전혀 쓰지 않아 친환경적인 무기라고...”",,300000003,200000006,2000001
10555,1000001,104,10000032,1003,101105,101106,100000001,,,“박사. 큰 용건이 없다면 저는 이만 가보겠습니다.”,,300000003,,2000001
10556,1000001,104,10000032,1003,101107,101108,100000001,,2,"“과학은 물론 철학적인 것도 연구를 하고 있네. 지휘관.
역시 인간의 정신이란건 유전학과 생물학에 기반해…”",,300000003,200000006,2000001
10557,1000001,104,10000032,1003,101109,101110,100000001,,,“박사. 큰 용건이 없다면 저는 이만 가보겠습니다.”,,300000003,,2000001
10558,1000001,104,10000033,1003,101111,101112,100000007,,,"‘이 전쟁도 어언 6년.. 내가 이 전선에 온지도 3년이 다 되어가는 시점이다.
더 소모전으로 가면 위험하다. 모든걸 쏟아내는 총력전이 필요하다.”",,300000001,,2000001
10559,1000001,104,10000033,1003,101113,101114,100000007,1000000002,,우당탕 하는 큰 소리와 함께 슈뢰딩거 박사는 문을 박차고 들어온다.,,300000001,,2000001
10560,1000001,104,10000033,1003,101115,101116,100000007,1000000001,2,“으흐히히하하하! 드디어 완성 되었네! 신의 지팡이가!”,,300000001,200000008,2000001
10561,1000001,104,10000033,1003,101117,101118,100000007,,2,"“화약없는 재사용 가능한! 친환경적 무기라네!
그저 운동 에너지 만으로 핵폭탄과 비슷한 위력을 낼껄세!”",,300000001,200000006,2000001
10562,1000001,104,10000033,1003,101119,101120,100000007,,1,"“하지만 그만큼 발생하는 피해는 괜찮겠습니까?
핵무기와 동일한 위력의 무기를 사용하는 것이고 민간인 피해가 동반 될텐데..”",,300000001,200000001,2000001
10563,1000001,104,10000033,1003,101121,101122,100000007,,1,“하지만 민간인들이..”,,300000001,200000005,2000001
10564,1000001,104,10000033,1003,101123,101124,100000007,,1,“그럼 시행 며칠 전부터 경고를 하면 되겠습니까?”,,300000001,200000001,2000001
10565,1000001,104,10000033,1003,101125,101126,100000007,,1,“그 정도면 민간인 피해가 많이 줄지 않을 것 같습니다. 지휘관님.”,,300000001,200000001,2000001
10566,1000001,104,10000033,1003,101127,101128,100000007,,,"“따라서 나도 발생하는 민간인 피해는 최소화 하고 싶지만..
여러가지 수를 생각해도 저게 최대의 기한이네..”",,300000001,,2000001
10567,1000001,104,10000033,1003,101129,101130,100000007,,1,“네.. 이 선택은 어쩔 수 없는 것 같습니다. 저는 지휘관님을 따르겠습니다.”,,300000001,200000005,2000001
10568,1000001,104,10000033,1003,101131,101132,100000007,,1,“지휘관님 이것은 너무 짧습니다. 하루로는 민간인이 다 대피하기 어렵습니다.”,,300000001,200000001,2000001
10569,1000001,104,10000033,1003,101133,101134,100000007,,,“따라서 이 이상 발생하는 피해는 어쩔 수 없는 부가적인 피해로 생각해야 할 걸세.”,,300000001,,2000001
10570,1000001,104,10000033,1003,101135,101136,100000007,,1,“네.. 지휘관님 뜻은 이해했습니다.”,,300000001,200000001,2000001
10571,1000001,104,10000033,1003,101137,101138,100000007,,,"“적에게 도망갈 시간을 주면 전쟁은 길어지는 걸세.
그건 우리 프란츠에게 있어서 너무나 큰 손해야.”",,300000001,,2000001
10572,1000001,104,10000033,1003,101139,101140,100000007,,,“하지만 투하 직전 몇시간전에는 경고를 하는 것으로 하지.”,,300000001,,2000001
10573,1000001,104,10000033,1003,101141,101142,100000007,,1,“최대.. 몇시간전에 경고를 하면 되겠습니까?”,,300000001,200000001,2000001
10574,1000001,104,10000033,1003,101143,101144,100000007,,1,“알겠습니다. 그럼 그렇게 하겠습니다.”,,300000001,200000001,2000001
10575,1000001,104,10000033,1003,101145,101146,100000007,,1,“알겠습니다. 그럼 그렇게 하겠습니다.”,,300000001,200000001,2000001
10576,1000001,104,10000033,1003,101147,101148,100000007,,2,“정 그게 걱정된다면 천사의 압정도 있네”,,300000001,200000006,2000001
10577,1000001,104,10000033,1003,101149,101150,100000007,,2,"“적진 위에서 비행기로 이 작은 쇳덩이를 낙하 시키기만 하면 되는 것이라
폭격 같은 큰 소리도 없고 도시공격이 아니니 민간인도 걱정할 필요가 없지.”",,300000001,200000006,2000001
10578,1000001,104,10000033,1003,101151,101152,100000007,,1,"“확실히 도시타격보다 민간인 희생을 걱정하지 않아도 될것 같습니다.
다만 이 작은 것이 무차별적으로 떨어진다는 것인데.. 포로로 잡힌 저희 병사들은..”",,300000001,200000005,2000001
10579,1000001,104,10000033,1003,101153,101154,100000007,,,“부관 뜻을 잘 알고 있네만.. 이건 별 수 없네. 이를 행하는 나도 마음 아프네.”,,300000001,,2000001
10580,1000001,104,10000033,1003,101155,101156,100000007,,,“총력전을 지체할 수 없네. 그들을 구출하려 한다면 기습작전으로 수행할 수 없을거야.”,,300000001,,2000001
10581,1000001,104,10000033,1003,101157,101158,100000007,,,“침투조를 꾸려 그들을 구출한 후 작전을 진행 하도록 하게.”,,300000001,,2000001
10582,1000001,104,10000033,1003,101159,101160,100000007,,,"“비록 기습작전으로 수행 되진 않겠지만..
우리가 구할 수 있는 전우는 구해야하지 않겠나.”",,300000001,,2000001
10583,1000001,106,10000038,1001,101161,101162,100000001,,,"깨질 듯한 머리. 저릿한 손목. 나는 분명 승리했을 터이다.
그런데 눈을 뜬 곳은 그 지긋지긋한 부대의 간이건물안 나의 숙소다.",,300000001,,2000001
10584,1000001,106,10000038,1001,101163,101164,100000001,,,식은 땀을 계속 흘리며 난 익숙한 복도를 빠른 걸음으로 걷는다.,,300000001,,2000001
10585,1000001,106,10000038,1001,101165,101166,100000001,,,나를 향해 경례하는 병사들. 모두 내가 아는 얼굴들이다.,,300000001,,2000001
10586,1000001,106,10000038,1001,101167,101168,100000001,,,나는 넋이 나간채 그 익숙한 얼굴들을 바라본다.,,300000001,,2000001
10587,1000001,106,10000038,1001,101169,101170,100000001,,,"나는 얼떨결에 몸이 먼저 반응해 경례를 받아주었고
병사들은 내 안색에 의아해 했지만 지나쳐 걸어갔다.",,300000001,,2000001
10588,1000001,106,10000038,1001,101171,101172,100000001,,,‘아니야.. 구보는 늘 아침에 뛰는 루틴이잖아.. 내가 착각하는 걸거야.’,,300000001,,2000001
10589,1000001,106,10000038,1001,101173,101174,100000001,,,"퍽 하는 소리와 함께 내어깨가 뒤로 밀리기 시작해 몸을 가누지 못하고 쓰러졌다.
괜찮습니까? 하는 목소리와 함께 익숙한 이들이 보인다.",,300000001,,2000001
10590,1000001,106,10000038,1001,101175,101176,100000001,,,"조금 멍때렸다면 부딪혔을 것이다.
나는 익숙한 이들과 부딪힐 뻔 한것을 피하고 그들의 경례를 받았다.",,300000001,,2000001
10591,1000001,106,10000038,1001,101177,101178,100000001,1000000001,,"나는 서둘러 지휘관 실로 향했고, 그곳엔 분주한 듯 움직이는 병사가 눈에 띈다.",,300000001,,2000001
10592,1000001,106,10000038,1001,101179,101180,100000001,,1,"“갑작스러운 발령에 준비가 미흡한점 죄송합니다. 저는..”
너무나 잘 알고 있는 인사말. 나는 부관에 서둘러 물어봤다.",,300000001,200000001,2000001
10593,1000001,106,10000038,1001,101181,101182,100000001,,1,"“1943년..”
43년. 내가 최전방에 지휘관으로 부임한 해. 전쟁이 끝나기 3년 전.",,300000001,200000001,2000001
10594,1000001,106,10000038,1001,101183,101184,100000001,1000000002,2,"놀라 눈이 커진 부관의 얼굴 뒤로 시끄러운 발소리와 함께 박사가 다가왔다.
“이야! 지휘관! 반갑네 반가워!”",,300000001,200000006,2000001
10595,1000001,106,10000038,1001,101185,101186,100000001,,2,"내 말에 당황한 듯 슈뢰딩거 박사는 잠시 멈칫한다.
“이상하네.. 어떻게 이렇게..”",,300000001,200000010,2000001
10596,1000001,106,10000038,1001,101187,101188,100000001,,2,"“계속된 반복에 뇌가 양자 이탈에 적응해서 기억문제를 해결 한 건가..”
박사는 혼자 중얼거리다 나를 보곤 씨익 웃더니 나가버렸다.",,300000001,200000010,2000001
10597,1000001,106,10000038,1001,101189,101190,100000001,,2,"“다시.. 호오.. 이전의 것을 기억하는 건가.. 이건 계산에 없던 오류인데..”
박사는 혼자 중얼거리다 나를 보곤 씨익 웃더니 나가버렸다.",,300000001,200000008,2000001
10598,1000001,106,10000038,1001,101191,101192,100000001,1000000002,,"서둘러 박사를 쫓아 갔지만, 그를 놓쳤다.",,300000001,,2000001
10599,1000001,106,10000038,1001,101193,101194,100000001,1000000002,1,"박사는 금방 시야에서 사라지고 부관은 날 걱정스럽게 바라본다.
“지휘관님. 괜찮으십니까? 안색도 안좋으시고..”",,300000001,200000005,2000001
10600,1000001,106,10000039,1001,101195,101196,100000001,,3,“이번 전투에서도 큰 성과를 냈더군. 지휘관.”,,300000004,200000016,
10601,1000001,106,10000039,1001,101197,101198,100000001,,3,“아니지 아니야. 마치 뭔가 알고 있듯이 그런 작전들은 프란츠를 승리로 이끌고 있네.”,,300000004,200000016,
10602,1000001,106,10000039,1001,101199,101200,100000001,,3,"“역시 겸손하군. 지휘관.
유일하게 최전방 전선 부대중 유일하게 보급 문제가 없는 것도 자네 부대야.”",,300000004,200000018,
10603,1000001,106,10000039,1001,101201,101202,100000001,,3,“그래서 그런지 병사들이 자네를 아주 신임한다고 들었네.”,,300000004,200000016,
10604,1000001,106,10000039,1001,101203,101204,100000001,,3,“지금 귀족들과 정계에서 지휘관을 굉장히 눈독들이는 것이 내 귀에도 들리고 있네.”,,300000004,200000015,
10605,1000001,106,10000039,1001,101205,101206,100000001,,3,“그래준다면 프란츠에 너무 큰 힘이 될걸 세. 내 지휘관에게 건 기대가 커.”,,300000004,200000018,
10606,1000001,106,10000039,1001,101207,101208,100000001,,3,“자네를 따르는 병사들도 많고.. 군내부에서 평이 아주 좋네.”,,300000004,200000016,
10607,1000001,106,10000039,1001,101209,101210,100000001,,3,“자네.. 전쟁이 끝나면 앞으로 정치에 관심이.. 있는가?”,,300000004,200000020,
10608,1000001,106,10000039,1001,101211,101212,100000001,,3,"“겸손하구만. 사실대로 말하겠네..
자네도 알다만 지금 전쟁이 계속 되다보니 내 입지가 불안해.”",,300000004,200000020,
10609,1000001,106,10000039,1001,101213,101214,100000001,,3,“그러면 다행이지만.. 난 확실한 믿음이 필요하네.”,,300000004,200000020,
10610,1000001,106,10000039,1001,101215,101216,100000001,,3,"“잘 알겠지만 지금 내 형제인 레이펠트가 호시탐탐 내 자릴 노리네.
그리고 코펠 공작이 가장 큰 후원자일세.”",,300000004,200000016,
10611,1000001,106,10000039,1001,101217,101218,100000001,,3,“그 후원자가 사라진다면.. 내 고민거리가 줄 것 같네.”,,300000004,200000017,
10612,1000001,106,10000039,1001,101219,101220,100000001,1000000001,3,"“그래.. 그정도면 충성심을 확인 할 수 있겠군.. 알겠네 가보게.”
국왕은 본적 없는 비열한 웃음을 짓고는 나가는 날 바라본다.",,300000004,200000017,
10613,1000001,106,10000039,1001,101221,101222,100000001,1000000001,3,"“그래.. 그래주면 고맙겠네. 자네라면 뭔가 방법을 찾겠지.”
국왕은 비열한 웃음을 짓고는 나가는 나를 바라본다.",,300000004,200000017,
10614,1000001,106,10000039,1001,101223,101224,100000001,,3,“아니..아니.. 자네의 믿음은 알고 있네. 알고 있지만..”,,300000004,200000020,
10615,1000001,106,10000039,1001,101225,101226,100000001,,,"“제가 이번  물자 지원을 받으면서 알게된 후원자들이 있습니다.
작위만 약속 된다면 분명 큰 도움이 될 것 입니다.”",,300000004,,
10616,1000001,106,10000039,1001,101227,101228,100000001,,3,“고맙네. 분명 큰 도움이 될 것 같네.”,,300000004,200000016,
10617,1000001,106,10000039,1001,101229,101230,100000001,,,“앞으로도 제가 계속 도움이 되도록 노력 하겠습니다.”,,300000004,,
10618,1000001,106,10000039,1001,101231,101232,100000001,,3,“알겠네. 나도 자네를 전시 사령부의 총 지휘관으로 밀 수 있게 힘을 써보겠네.”,,300000004,200000016,
10619,1000001,106,10000039,1001,101233,101234,100000001,,3,“알겠네. 믿음직 스럽구만.. 자네가 내 힘이 되어 준다면.. 걱정할 것이 없지.”,,300000004,200000016,
10620,1000001,106,10000039,1001,101235,101236,100000001,,3,"“자네도 알고 있었구만.. 레이펠트가 계속해서 내 자릴 노리고 있어..
전쟁을 시작한 국왕이라는 프레임을 씌우고 있네.”",,300000004,200000019,
10621,1000001,106,10000039,1001,101237,101238,100000001,,3,“하하하! 믿음직스럽군 지휘관. 역시 내가 기대를 건 사내다워.”,,300000004,200000018,
10622,1000001,106,10000039,1001,101239,101240,100000001,,3,"“그만큼 자네는 어떤 오점도, 실수도 있어선 안되네.”",,300000004,200000016,
10623,1000001,106,10000039,1001,101241,101242,100000001,,3,“알겠네. 많이 바쁠 텐데 어서 가보게.”,,300000004,200000016,
10624,1000001,106,10000039,1001,101243,101244,100000001,,3,“대단한 자신감이군. 맘에드네. 많이 바쁠터이니 이만 가보게.”,,300000004,200000016,
10625,1000001,106,10000039,1001,101245,101246,100000001,,3,“뭐..? 자네 미쳤나? 그걸 인정해버리면 내 지위는 거기서 끝이야!”,,300000004,200000019,
10626,1000001,106,10000039,1001,101247,101248,100000001,1000000006,3,"“내 지위가 끝나면 자네라고 무사할 것 같나?
자네도 나와 같은 배를 탄거야! 꼴도 보기 싫으니 나가!”",,300000004,200000019,
10627,1000001,106,10000039,1001,101249,101250,100000001,,,나는 서둘러 인사를 드리고 도망치 듯 알현실을 나왔다.,,300000004,,
10628,1000001,106,10000039,1001,101251,101252,100000001,,,한마디 더 하기위해 입을 열기가 무섭게 국왕의 호통에 알현실에서 쫒겨났다.,,300000004,,
