ID,SubStoryPac,StoryNum,AnswerLeftID,AnswerRightID,BG_ID,SFX_ID,CharacterName,Text_kr,Text_en,Back_ID,CharacterImg_ID,Font_Direction
10001,1000001,10000001,100001,100002,100000002,,1,“지…님…지휘…. 지휘관님”,,300000014,200000001,2000001
10002,1000001,10000001,100003,100004,100000002,1000000013,,분명 난 쇼파에 기대어 잠 들었을 터이다.그런데 내 눈앞에는 엉망이 된 진지와 나를 바라보는 부관이 있다.,,300000014,,2000001
10003,1000001,10000001,100005,100006,100000002,,1,“저메니의 기습이 시작 되었습니다. 지휘관님.지금 지휘관님의 지휘가 필요합니다. 병사들에게..”,,300000014,200000001,2000001
10004,1000001,10000001,100007,100008,100000002,,,“모두 무기들어라! 돌격하라!”나는 주위에 떨어져 나뒹굴고 있던 펄스 소총을 주워들고 큰소리로 소리쳤다.,,300000014,,2000001
10005,1000001,10000001,100009,100010,100000002,,,내 눈앞에 열압력 수류탄을 던지려는 저메니의 병사가 보인다.소총을 조준하여..,,300000014,,2000001
10006,1000001,10000001,100011,100012,100000002,1000000004,,펄스 에너지에 수류탄은 터져 들고 있던 병사의 상반신이 사라졌다.이제 병사들에게 지휘를 내려야 한다.,,300000014,,2000001
10007,1000001,10000001,100013,100014,100000002,1000000004,,다리를 맞은 병사는 몸의 중심이 기울며 수류탄을 든 채로 적진의 참호로 떨어졌고곧 큰 폭발음이 들렸다.,,300000014,,2000001
10008,1000001,10000001,100015,100016,100000002,,,병사들은 참호에 들어가 수류탄을 던지거나 소총을 위로 들어 적진을 향해 발포한다.,,300000014,,2000001
10009,1000001,10000001,100017,100018,100000002,,,적진에서 참호로 날아온 수류탄이 경쾌한 소리가 나며 떨어졌다.“이런..씨…”,,300000014,,2000001
10010,1000001,10000001,100019,100020,100000002,,,나와 병사들은 참호에서 뛰어나와 적진을 향해 뛰어간다.적진에서 쏟아지는 총알에 병사들이 하나 둘 쓰러졌다.,,300000011,,2000001
10011,1000001,10000001,100017,100018,100000002,1000000004,,잠시 시선을 돌렸다 앞을 보는 순간 총알이 눈앞까지 날아왔다.“이런..씨…”,,300000011,,2000001
10012,1000001,10000001,100021,100022,100000002,,,“모두 필요한 최소한만 챙겨서 이곳에서 벗어난다! 후퇴!”,,300000014,,2000001
10013,1000001,10000001,100023,100024,100000002,,,챙길건 모두 챙겼으니 퇴각을 해야겠다.,,300000014,,2000001
10014,1000001,10000001,100025,100026,100000002,,,“다들 안전이 우선이다! 고개숙이고 참호의 퇴로를 따라서 퇴각하도록!”,,300000014,,2000001
10015,1000001,10000001,100027,100028,100000002,,,나는 고개를 숙이고 참호를 지나며 보이는 수류탄을 머리위로 던져 보냈다.,,300000014,,2000001
10016,1000001,10000001,100029,100030,100000002,,,나는 머리위로 소총을 들고 참호 밖으로 발포했다.,,300000014,,2000001
10017,1000001,10000001,100017,100018,100000002,,,적진에서 참호로 날아온 수류탄이 경쾌한 소리가 나며 떨어졌다.“이런..씨…”,,300000014,,2000001
10018,1000001,10000001,100031,100032,100000002,,,‘참호 아래로 이동하면 시간도 오래걸릴 것이고 수류탄의 피해도 있을 것이다.좋은 판단은 아니겠지만 빠르게 퇴각하기 위해선 어쩔 수 없을 것 같다.’,,300000011,,2000001
10019,1000001,10000001,100033,100034,100000002,1000000004,,전장을 가로지르며 빠르게 내달리면서 후방에 총을 쏘아댄다.하지만 역시 위험했다. 병사들이 내달리다 하나 둘 쓰러진다.,,300000011,,2000001
10020,1000001,10000001,100017,100018,100000002,1000000004,,다리에 뜨거운 감각이 들며 나는 앞으로 고꾸라졌다.그리고 곧 내몸에 몇개가 박히고는 땅에 머리가 처박혔다.,,300000011,,2000001
10021,1000001,10000002,100035,100036,100000007,,1,“지휘관님. 정말 그 정보가 맞는 겁니까?”,,300000015,200000002,2000001
10022,1000001,10000002,100037,100038,100000007,,1,“전시 사령부입니다.지휘관님. 군수뇌부 측근으로 저메니의 스파이가 있다는 정보를 받아서이곳에 온 것 아닙니까. 어디 안좋으신 겁니까?”,,300000015,200000005,2000001
10023,1000001,10000002,100039,100040,100000007,,1,“그렇다면 작전은.. 다음에 하는게 좋을것 같습니다.”,,300000015,200000005,2000001
10024,1000001,10000002,100041,100042,100000007,,1,“알겠습니다. 일단 정보원이 보낸 사진부터 확인 하시죠.”,,300000015,200000001,2000001
10025,1000001,10000002,100043,100044,100000007,,,사령부 내부는 회의로 바쁘게 돌아가고 있다.,,300000015,,2000001
10026,1000001,10000002,100045,100046,100000007,,,"“넬리안 조안센, 당신이 스파이라는 사실을 알고있소.”나는 넬리안에게 다가가 조용히 속삭였다.",,300000015,,2000001
10027,1000001,10000002,100047,100048,100000007,1000000002,,넬리안은 눈치를 보다 사령부 밖으로 뛰어나가기 시작한다.,,300000015,,2000001
10028,1000001,10000002,100049,100050,100000007,1000000014,,넬리안은 강하게 부관에게 부딪혀 부관은 바닥에 쓰러진다.사령부의 문이 확 열리는 순간 침대 위에서 벌떡 일어난다.,,300000015,,2000001
10029,1000001,10000002,100051,100052,100000007,1000000002,,같이 뛰어나가 넬리안의 어깨를 잡는 순간 날카로운 것이 배에 박히는 느낌이 든다.,,300000015,,2000001
10030,1000001,10000002,100053,100054,100000007,,,나는 넬리안의 팔을 꽉잡고 도망가지 못하게 한다.넬리안이 뒤로 돌려고 한다.,,300000015,,2000001
10031,1000001,10000002,100049,100050,100000007,1000000014,,넬리안은 돌지 못하고 그대로 제압당한다.넬리안이 바닥에 처박히는 순간 침대 위에서 벌떡 일어난다.,,300000015,,2000001
10032,1000001,10000002,100051,100052,100000007,,,넬리안이 뒤로 도는 순간 날카로운 것이 배에 박히는 느낌이 든다.,,300000015,,2000001
10033,1000001,10000002,100055,100056,100000007,1000000014,,“넬리안 조안센! 당신이 스파이 행위에 대해 죄값을 물겠소!”나는 넬리안의 팔을 꺾어 바닥에 쓰러뜨렸다.,,300000015,,2000001
10034,1000001,10000002,100057,100058,100000007,,,넬리안의 다른 쪽 팔을 다리로 눌러 다리에 있는 나이프로 가는 것을 막았다.,,300000015,,2000001
10035,1000001,10000002,100049,100050,100000007,,,수갑을 채워 일으켜 세워 사령부 밖으로 끌고 나간다.문이 열리는 순간 침대 위에서 눈이 확 떠진다.,,300000015,,2000001
10036,1000001,10000002,100049,100050,100000007,1000000017,,주먹으로 넬리안의 머리를 내려친다.손에 타격감이 느껴지자 침대위에서 눈이 확 떠진다.,,300000015,,2000001
10037,1000001,10000002,100059,100060,100000007,,16,“아아아악!”넬리안은 비명을 지르며 몸부림치다 나를 떨쳐내고 일어난다.,,300000015,,2000001
10038,1000001,10000002,100051,100052,100000007,1000000006,,넬리안의 다리를 잡자 넬리안은 앞으로 고꾸라지며 데스크에 부딪혀 목이 부러진다.,,300000015,,2000001
10039,1000001,10000002,100051,100052,100000007,1000000014,,정확히 넬리안의 다리에 적중하며 넬리안은 중심을 잃고 쓰러진다.나는 달려가 넬리안의 팔에 수갑을 채우자 눈이 확 떠진다.,,300000015,,2000001
10040,1000001,10000003,100061,100062,100000001,,2,“병과학전략화사령부의 기술 시연회에 오신 여러분 환영합니다.”,,300000012,200000006,2000001
10041,1000001,10000003,100063,100064,100000001,,2,“오늘 여러 박사와 연구진들이 만든 장비들을 보시면서전장에 도입할 장비들을 한번 미리 체험해보시는 시간 갖길 바랍니다.”,,300000012,200000006,2000001
10042,1000001,10000003,100065,100066,100000001,,2,박사는 단상에서 내려와 나에게 다가온다.“자네도 왔는가! 지휘관. 오늘 여러 장비들을 한번 봐보시게.이게 미래의 전쟁을 좌지우지 할걸세”,,300000012,200000008,2000001
10043,1000001,10000003,100067,100068,100000001,,2,“그리고 좀 있다가 내 발표회를 좀 도와줄 수 있는가?”,,300000012,200000006,2000001
10044,1000001,10000003,100069,100070,100000001,,2,“역시 지휘관이야. 시원시원하구만. 그럼 조금있다 봄세.”박사는 다른 사람들과 인사를 하기위해 자리를 떴다.,,300000012,200000008,2000001
10045,1000001,10000003,100071,100072,100000001,,2,"시간이 좀 지난 후 박사의 차례가 되었고, 나는 함께 무대위에 섰다.“많이들 기다리셨습니다. 오늘의 하이라이트, 중성자탄 입니다!”",,300000012,200000006,2000001
10046,1000001,10000003,100073,100074,100000001,,2,“잘 물어봤습니다. 지휘관. 이 수류탄 안쪽은 굉장한 압력과 열로작은 블랙홀이 만들어져 있습니다. 그리고 이걸 누르면..”,,300000012,200000006,2000001
10047,1000001,10000003,100075,100076,100000001,1000000018,,내가 박사의 손을 막자 중성자탄은 그대로 무대아래로 굴러떨어졌다.그리고 폭발하며 작은 블랙홀 안으로 주변에 있는 것들을 빨아들이기 시작한다.,,300000012,,2000001
10048,1000001,10000003,100075,100076,100000001,1000000011,2,"""아!”박사의 외마디와 함께 폭발한 중성자탄은 주변의 모든 것을 빨아들이기 시작한다.",,300000012,200000007,2000001
10049,1000001,10000003,100077,100078,100000001,,2,“역시 갑작스러운 부탁이라 좀 그렇지? 알겠네. 지휘관.”박사는 다른 사람들과 인사를 하기위해 자리를 떴다.,,300000012,200000010,2000001
10050,1000001,10000003,100079,100080,100000001,,,"차세대 무기로는 레일건, 광학입자포 등 에너지 계열의 기술들이 많이 보인다.또한 자기부상을 접목한 기술들도 많이 보인다.",,300000012,,2000001
10051,1000001,10000003,100081,100082,100000001,,2,그리고 슈뢰딩거 박사의 차례가 되었다.“이 수류탄은 중성자탄으로 안쪽에 굉장한 압력과 열로작은 블랙홀이 만들어져 있습니다. 그리고 이걸 누르면..”,,300000012,200000006,2000001
10052,1000001,10000003,100075,100076,100000001,1000000011,,내 예감은 적중했다. 박사는 아 하는 외마디와 함께 자신이 버튼을 눌렀음을 알고 멈춰섰고곧 수류탄은 폭발과 함께 주변의 모든 것을 빨아들이기 시작한다.,,300000012,,2000001
10053,1000001,10000003,100075,100076,100000001,1000000011,,박사의 아 하는 외마디와 함께 수류탄은 폭발했고 주변의 모든 것을 빨아들이기 시작했고곧 나도 빨려들어가기 시작한다.,,300000012,,2000001
10054,1000001,10000004,100083,100084,100000008,,,“여긴 어디지.. 여긴 분명..”,,300000016,,2000001
10055,1000001,10000004,100085,100086,100000008,1000000002,,주변에서 발소리가 들려온다. 숨어서 상황을 지켜보니 저메니의 병사들이다.,,300000016,,2000001
10056,1000001,10000004,100087,100088,100000008,,,한 폐허의 집에서 작은 소녀가 손을 내밀어 흔든다.여기로 숨으라는 이야기인 것 같다.,,300000016,,2000001
10057,1000001,10000004,100089,100090,100000008,,17,“여기는 안전할 거에요.. 숨겨진 지하실도 있으니혹시 군인들이 들어와도 숨을 수 있어요.”,,300000016,200000023,2000001
10058,1000001,10000004,100091,100092,100000008,,17,“마을의 경계쪽으로 가면.. 피난민 캠프가 있어요.”,,300000016,200000023,2000001
10059,1000001,10000004,100093,100094,100000008,,,“나를 따라와. 아저씨가 피난민 캠프로 데려다 줄께.”소녀의 두눈이 반짝인다.,,300000016,,2000001
10060,1000001,10000004,100095,100096,100000008,1000000002,,문을 열고 소녀를 품에 안고 도망치기 시작한다.마음이 급해서 일까.. 내 뒤로 3명 정도의 발소리가 들려온다.,,300000016,,2000001
10061,1000001,10000004,100097,100098,100000008,1000000004,,"조금 시간이 걸렸지만 눈앞에 마을의 경계, 프란츠와 스페안의 국경이 보인다.그러다 다리에 총을 맞는다.“아저씨는 괜찮아 빨리 가!”",,300000016,,2000001
10062,1000001,10000004,100099,100100,100000008,1000000002,,"아이를 안고 달리는 것은 힘들다. 하지만 꽤 빠른 속도로 도착했다.마을의 경계, 프란츠와 스페안의 국경이 보인다.",,300000016,,2000001
10063,1000001,10000004,100101,100102,100000008,,,창문 밖으로 상황을 살피자 3명 정도의 군인이 주변을 살피는 것 같다.,,300000016,,2000001
10064,1000001,10000004,100097,100098,100000008,1000000005,,아뿔싸.. 너무 오래 지켜봤나 보다. 3명이던 병사는 어느새 7명 정도로 늘어났다.소녀의 겁먹은 달그락 소리에 몇명의 병사가 이 집으로 다가온다.,,300000016,,2000001
10065,1000001,10000004,100099,100100,100000008,,,도망치려면 지금이 기회다. 조용히 움직인다면 걸리지 않을 것이다.그 생각은 적중했다. 안전하게 도망치는데 성공했다.,,300000016,,2000001
10066,1000001,10000004,100103,100104,100000008,,,"아이에겐 미안하지만, 짐을 달고 도망칠 수 없다.“여기서 기다려. 아저씨가 도와줄 사람들을 데리고 올께.”",,300000016,,2000001
10067,1000001,10000004,100105,100106,100000008,,,폐허가 되었어도 익숙한 마을 길이다. 어디가 지름 길인지 잘 알고 있다.,,300000016,,2000001
10068,1000001,10000004,100097,100098,100000008,1000000014,,마을의 지름길은 울퉁불퉁하고 넘어지기 쉬운 길이다. 나는 넘어져 굴러떨어졌다.고개를 들자 저메니의 병사 몇명이 보인다..,,300000016,,2000001
10069,1000001,10000004,100107,100108,100000008,,,나는 느리지만 안전하게 피난민 캠프에 도착한다.그곳에서 여자아이를 잃어버렸다고 하는 부모를 만난다..,,300000017,,2000001
10070,1000001,10000004,100109,100110,100000008,,,폐허를 둘러보자 3명 정도의 병사가 보인다. 주변을 수색 하는 것 같다.,,300000016,,2000001
10071,1000001,10000004,100097,100098,100000008,1000000005,,아뿔싸.. 3명의 병사는 이 집쪽으로 다가오는 것이 보인다..소녀의 달그락 소리에 병사들은 달려온다.,,300000016,,2000001
10072,1000001,10000004,100107,100108,100000008,,,마을의 길은 폐허가 되었어도 나에겐 익숙한 길이다. 피난민 캠프까지 혼자 가는 것은 쉽다.그곳에서 여자아이를 잃어버렸다고 하는 부모를 만난다..,,300000017,,2000001
10073,1000001,10000005,100111,100112,100000009,,,밝은 불빛과 웃음소리가 들려오는 형형 색색의 드레스가 움직이는 공간이 보인다.,,300000018,,2000001
10074,1000001,10000005,100113,100114,100000009,,4,"“전쟁의 영웅이자, 뛰어난 능력으로 백작까지 올라간 오늘 파티의 주역!전선의 최전방의 지휘관!”",,300000018,200000011,2000001
10075,1000001,10000005,100115,100116,100000009,,4,“뭘 그렇게 멀찍이서 있는가? 위대한 지휘관님.오늘 이 파티는 다른이가 아닌 바로 지휘관님이 주인공일세!”,,300000018,200000011,2000001
10076,1000001,10000005,100117,100118,100000009,,4,“연줄도 없던 지휘관님께 여러 귀족들을 소개 해주는거지.한번에 백작이 되었으니 다른 귀족들과의 커넥션은 필요없다 이건가?”,,300000018,200000011,2000001
10077,1000001,10000005,100119,100120,100000009,,18,“역시 한번에 백작이 됐다더니.. 예의란걸 모르고 건방지네요.”,,300000018,200000024,2000001
10078,1000001,10000005,100121,100122,100000009,,,“하하하! 재미있는 농담이군요.그저 사전에 통보 받지 못한 파티에 당황해서 그랬을 뿐입니다.”,,300000018,,2000001
10079,1000001,10000005,100123,100124,100000009,,,귀족은 떨떠름한 표정으로 나를 바라본다.칫하는 혀를 차는 소리를 하고는 멀어진다.,,300000018,,2000001
10080,1000001,10000005,100125,100126,100000009,,,숨막히는 파티가 끝나간다.서둘러 자릴 뜨려고 문을 열자 쇼파에서 눈이 떠진다.,,300000018,,2000001
10081,1000001,10000005,100127,100128,100000009,,,귀족은 당황한 듯 머뭇거리다가 같이 목례를 했다.그리곤 쭈뼛대며 멀어진다.,,300000018,,2000001
10082,1000001,10000005,100129,100130,100000009,,,숨막히는 파티가 끝나간다.서둘러 자릴 뜨려고 문을 열자 쇼파에서 눈이 떠진다.,,300000018,,2000001
10083,1000001,10000005,100131,100132,100000009,,,“지금 예의없는 말을 하는 사람은 제가 아닌 것 같습니다만..여기 모두 나를 축하 하려는 것이 아닌 조롱하기 위한 것으로 보입니다.”,,300000018,,2000001
10084,1000001,10000005,100133,100134,100000009,1000000006,,그때 사람들 사이에서 박사가 튀어나온다.내 어깨에 손을 올리고는 화내지 말라고 하면서 날 구석으로 데려간다.,,300000018,200000006,2000001
10085,1000001,10000005,100135,100136,100000009,,2,“흠.. 이제 꿈에서 일어날 시간이네. 지휘관.”그 말과 함께 쇼파 위에서 눈이 번쩍 떠진다.,,300000018,200000006,2000001
10086,1000001,10000005,100137,100138,100000009,,2,"그때 사람들 사이에서 박사가 튀어나온다.“자..자 지휘관도, 귀족분들도 싸우지 마시고..”",,300000018,200000010,2000001
10087,1000001,10000005,100139,100140,100000009,1000000019,2,“자네는 이제 정신 차리게”박사가 날 향해 손가락을 튕겼고 쇼파에서 눈이 번쩍 떠진다.,,300000018,200000006,2000001
10088,1000001,10000006,100141,100142,100000010,,,‘여긴.. 왕궁의 복도이다.. 내가 여기에 무슨일로 왔던가..’,,300000019,,2000001
10089,1000001,10000006,100143,100144,100000010,,,벽을 짚어가며 천천히 무거운 몸을 이끌고 왕궁의 복도를 걸어간다.,,300000019,,2000001
10090,1000001,10000006,100145,100146,100000010,,,살짝 열려있는 문틈으로 익숙한 목소리들이 들린다.,,300000019,,2000001
10091,1000001,10000006,100147,100148,100000010,,,살짝 열려있는 문틈사이로 익숙한 실루엣이 보인다.머리가 아파오며 그들의 목소리가 크게 들린다.,,300000019,,2000001
10092,1000001,10000006,100149,100150,100000010,,3,“당신 말대로 ….을 지휘관으로 배치했소.. 약속은 확실한 것 이겠지? 박사.”,,300000019,200000016,2000001
10093,1000001,10000006,100151,100152,100000010,,2,“잘했네. 국왕. 내 약속은 반드시 지키니.. 걱정하지 말게.”,,300000019,200000006,2000001
10094,1000001,10000006,100153,100154,100000010,,2,“국왕. 잠시만. 쥐새끼가 있는 것 같군 그래.”,,300000019,200000006,2000001
10095,1000001,10000006,100155,100156,100000010,,,재빨리 자리를 뜨기엔 몸이 따라주지 않는다.숨이 차고 움직임이 너무 느리다.,,300000019,,2000001
10096,1000001,10000006,100157,100158,100000010,,2,“자네가 아직 알아선 안되는 정보를 알았군.. 다 잊고 잠이나 푹자시게.”,,300000019,200000006,2000001
10097,1000001,10000006,100157,100158,100000010,1000000014,2,“이건.. 일어나선 안되는 일일텐데.. 흠.. 의무병! 이리와보게.”의무병이 날 들어올리는 느낌이 든다.,,300000019,200000007,2000001
10098,1000001,10000006,100159,100160,100000010,,,빠르게 움직이는 것은 불가능하다.이대로 숨을 만한 곳으로 들어가는게 좋겠다.,,300000019,,2000001
10099,1000001,10000006,100157,100158,100000010,1000000001,2,다행히 빈 방으로 보인다. 나는 방의 책상 아래로 숨는다.“분명.. 이 방으로 숨은 것 같았는데..”,,300000020,200000010,2000001
10100,1000001,10000006,100161,100162,100000010,1000000001,2,냄새가 지독한 창고로 숨는다. 다행히 아무도 없다.“분명.. 복도에서 소리가 났는데..”,,300000021,200000010,2000001
10101,1000001,10000007,100163,100164,100000011,1000000021,,"크리스마스, 총알이 빗발치던 전장에는 간이 운동장이 생겼고서로 총구를 향하던 병사들이 함께 웃으며 축구를 하고 있다.",,300000013,,2000001
10102,1000001,10000007,100165,100166,100000011,,19,“지휘관님! 같이 한게임하시죠!”병사 중 한명이 나를 향해 손을 흔들며 이야기한다.,,300000013,200000025,2000001
10103,1000001,10000007,100167,100168,100000011,,,“저메니의 지휘관. 자네도 와서 한게임하는 건 어떤가? 모처럼 아닌가!”,,300000013,,2000001
10104,1000001,10000007,100169,100170,100000011,,,저메니의 지휘관도 못이긴 척 몸을 풀며 운동장으로 걸어 나온다.,,300000013,,2000001
10105,1000001,10000007,100171,100172,100000011,1000000022,,휘슬 소리와 함께 공은 하늘위로 높게 올라갔다.마이볼! 하고 크게 외쳐본다.,,300000013,,2000001
10106,1000001,10000007,100173,100174,100000011,,,헤딩으로 오른쪽으로 달리던 병사에게 패스한다.나는 어디로 뛰어갈까..,,300000013,,2000001
10107,1000001,10000007,100175,100176,100000011,1000000021,,정면으로 달려가니 옆으로 저메니의 지휘관이 붙는다.몸싸움이 시작 될 것 같다.,,300000013,,2000001
10108,1000001,10000007,100177,100178,100000011,,,몸싸움으로 붙은 지휘관과 접전 끝에 나는 골대의 오른쪽 상단을 향해 볼을 찬다.,,300000013,,2000001
10109,1000001,10000007,100179,100180,100000011,,,몸싸움은 피하고 싶다. 무엇보다 페어플레이가 중요하니까!아뿔싸.. 그러다 공을 빼앗기고 만다.,,300000013,,2000001
10110,1000001,10000007,100181,100182,100000011,,,왼편이 비어있다! 왼편으로 파고들어 골을 넣을 수 있을 것 같다.저메니의 지휘관이 공을 잡고 있다.,,300000013,,2000001
10111,1000001,10000007,100177,100178,100000011,1000000020,,쭉 미끌어지며 저메니의 지휘관이 가지고 있던 볼을 뺏었다.그대로 쭉 차서…!,,300000013,,2000001
10112,1000001,10000007,100179,100180,100000011,1000000014,,자신있는 멋진 개인기로 저메니의 지휘관의 공을 뺏으려고 하지만.. 그대로 넘어졌다.적 지휘관의 피식하는 웃음을 느꼈다.,,300000013,,2000001
10113,1000001,10000007,100183,100184,100000011,,,가슴으로 트래핑한 볼은 그대로 내 발아래로 떨어져 다음 움직임을 기다리고 있다.,,300000013,,2000001
10114,1000001,10000007,100185,100186,100000011,,,적의 수비수인 저메니의 지휘관이 나를 막으려 달려온다.,,300000013,,2000001
10115,1000001,10000007,100177,100178,100000011,1000000020,,자신있는 멋진 개인기로 저메니의 지휘관을 제치고 볼을 강하게 찬다.,,300000013,,2000001
10116,1000001,10000007,100179,100180,100000011,1000000014,,철퍽 하는 소리와 함께 뒤로 넘어진다.볼을 뺏은 저메니의 지휘관은 나를 제치고 달려간다.,,300000013,,2000001
10117,1000001,10000007,100187,100188,100000011,,,바로 왼편의 병사에게 패스를 하고 달려갈 준비를 한다.,,300000013,,2000001
10118,1000001,10000007,100179,100180,100000011,,,그대로 정면으로 뛰어 들어간다.마이볼을 외쳐 볼을 받았지만.. 저메니의 지휘관에게 빼앗겨 버렸다.,,300000013,,2000001
10119,1000001,10000007,100177,100178,100000011,1000000020,,오른편으로 달려들어가 높게 뜬볼을 받았다.그대로 슛!,,300000013,,2000001
10120,1000001,10000008,100189,100190,100000001,,,‘분명 난 쇼파에서 잠시 눈을 붙였을 터인데.. 어째선지 박사와 의무대에 와있다.’,,300000005,,2000001
10121,1000001,10000008,100191,100192,100000001,,2,“병사들이 아주 끔찍한 일들을 당했구만.. 이들은 어찌하다 이렇게 되었는가?”,,300000005,200000007,2000001
10122,1000001,10000008,100193,100194,100000001,,2,“그래서 병사들이 신체결손이 발생 한 거로군..그래서 말이네 내 친구들이 이걸 도와주려고 하네.”,,300000005,200000006,2000001
10123,1000001,10000008,100195,100196,100000001,,2,“먼저 테슬라 박사의 바이오닉 기술로 만든 인공신체!그리고 스텐리 박사의 신체 재생을 위한 유전자 강화 주사! 선택해 보게!”,,300000005,200000006,2000001
10124,1000001,10000008,100197,100198,100000001,,2,“티타늄 합금으로 만들어 강철로 만든 다른 바이오닉 신체들에 비해훨씬 가볍고 강도도 높네!”,,300000005,200000006,2000001
10125,1000001,10000008,100199,100200,100000001,,2,“기존 근육의 움직임을 읽고 이전 움직임을 모방하는 것이 아닌뇌파를 직접 해석해 더욱 자연스러운 움직임을 구현했네.”,,300000005,200000006,2000001
10126,1000001,10000008,100201,100202,100000001,,2,“물론.. 티타늄이 그리 저렴한 소재는 아니지.. 가격은 조금 나가지만다시 병사들이 이전과 같이 완벽하게 움직일 수 있네.”,,300000005,200000006,2000001
10127,1000001,10000008,100203,100204,100000001,1000000023,,‘아무리 금액이 높다 한들 나라를 위해 희생한 병사들이다..이들을 위해 해줄 수 있는 것은 무엇이든 해줘야 한다.’,,300000005,,2000001
10128,1000001,10000008,100203,100204,100000001,1000000023,,‘자원이 너무나도 부족한 상황이다.안타깝지만 지금은 전투가능한 자들에게 그 자원이 돌아가야 한다.’,,300000005,,2000001
10129,1000001,10000008,100205,100206,100000001,,2,“음.. 일반 신체보다 더 강화된 신체니까 전투도 가능하네만..이들의 정신적인 부분은 잘 모르겠네.”,,300000005,200000010,2000001
10130,1000001,10000008,100203,100204,100000001,1000000023,,‘이들은 이미 전쟁으로 큰 고통을 입은 자들이다.이들의 정신적 측면을 고려할때 다시 투입하는 것은 옳지 않다.’,,300000005,,2000001
10131,1000001,10000008,100203,100204,100000001,1000000023,,‘지금 당장 전력이 될 수 있다면 한명이라도 더 필요하다..이들의 정신적인 부분은 지금 당장 고려할 여유가 없다.’,,300000005,,2000001
10132,1000001,10000008,100207,100208,100000001,,2,“도마뱀의 유전자를 기반으로 신체 재생을 시켜 다시 결손부위를 자라나게 하는 것일세.”,,300000005,200000006,2000001
10133,1000001,10000008,100209,100210,100000001,,2,“정확히는 도마뱀의 유전자와 인간 유전자가 결합되는 것이라신체 능력이 놀랍도록 상승할 것으로 예측되네. 다만 폭력성이 커진다는 부분이 있지.”,,300000005,200000006,2000001
10134,1000001,10000008,100211,100212,100000001,,2,“혈청 자체는 비용이 적으나.. 안정적인 유전자 변형을 위한 비타광선 쉘 제작과혈청 주입동안 사용해야할 고출력 에너지가 필요하네.”,,300000005,200000006,2000001
10135,1000001,10000008,100203,100204,100000001,1000000023,,‘지금 당장 병사 한명 한명이 귀하다. 강해진 전력을 만들 수 있다면 뭐든 해야한다.’,,300000005,,2000001
10136,1000001,10000008,100203,100204,100000001,1000000023,,‘지금은 물자가 너무 귀한 시기이다. 도움이 될지 몰라도 불확실한 것에 전운을 걸 수는 없다.’,,300000005,,2000001
10137,1000001,10000008,100213,100214,100000001,,2,“음 혈청이 주입된 피험체는 평소 성격보다 눈에 띄게 호전적으로 바뀌었다고 하네.”,,300000005,200000010,2000001
10138,1000001,10000008,100203,100204,100000001,1000000023,,‘적당히 호전적인 병사는 전투에 큰 도움이 된다. 이를 잘 활용한다면 꽤 유용할 것이다.’,,300000005,,2000001
10139,1000001,10000008,100203,100204,100000001,1000000023,,‘눈에 띄게 바뀔 정도라면 그것은 큰 변화일 것이다.그 폭력성이 적군을 향한다는 보장은 할 수 없다.’,,300000005,,2000001
10140,1000001,10000009,100215,100216,100000008,,,‘아직 잠이 덜 깬것 같다.. 하지만 누군가 이 방에 숨어 들어왔다는 사실은 알 수 있다.’,,,,2000001
10141,1000001,10000009,100217,100218,100000008,1000000005,,‘무언가 훔치려는 듯 달그락 거리는 소리가 들려온다. 뭐를 훔치려는 걸까..?’,,,,2000001
10142,1000001,10000009,100219,100220,100000008,1000000003,,‘일단은 숨 죽이고 들려오는 소리에 집중하자.’,,,,2000001
10143,1000001,10000009,100221,100222,100000008,,,‘내 숙소에 있을 법한 종이.. 중요한 전략에 대한 정보들이 적힌 종이일것 이다.’,,,,2000001
10144,1000001,10000009,100223,100224,100000008,1000000003,,‘책상에서 뭔가를 꺼내어 읽고 있는 것 같다.’,,,,2000001
10145,1000001,10000009,100225,100226,100000008,,,‘덮치려면 지금이 기회일 것이다.’,,,,2000001
10146,1000001,10000009,100227,100228,100000008,1000000017,,누워있던 자리에서 일어나 그자를 밀어 책생에 부딪히게 한다.그리곤 그자를 의자에 묶고 얼굴을 봐도 누군지 모르겠다.,,,,2000001
10147,1000001,10000009,100229,100230,100000008,,20,“내가.. 대답할 것이라고 생각하나?”,,200000026,,2000001
10148,1000001,10000009,100231,100232,100000008,,20,“하. 죄를 묻지 않는다? 거짓말도 이런 거짓말이 없군.. 지휘관.”,,200000026,,2000001
10149,1000001,10000009,100233,100234,100000008,,,그자는 저메니어로 알 수 없는 말을 하더니 입에서 거품을 물고 쓰러진다.입안에 독이 있었나보다..,,,,2000001
10150,1000001,10000009,100233,100234,100000008,,20,“허세부리는군.. 지휘관..”그자는 입에 거품을 물고 쓰러진다. 입안에 독이 있었나 보다.,,200000027,,2000001
10151,1000001,10000009,100235,100236,100000008,,20,“정말.. 날 살려 주는 것인가? 이대로 돌아가도 난 개죽음이야.”,,200000026,,2000001
10152,1000001,10000009,100237,100238,100000008,,20,“조금만 시간을 주게.. 나도 생각해봐야 할 것 같네.”이상하게 다시 잠이 몰려온다.,,200000026,,2000001
10153,1000001,10000009,100233,100234,100000008,,20,“아쉽지만.. 그런말로는 난 자네를 믿을 수 없네.”그자는 입에 거품을 물고 쓰러진다. 입안에 독이 있었나 보다.,,200000027,,2000001
10154,1000001,10000009,100239,100240,100000008,1000000017,,내려친 주먹에 스파이는 잠시 기절 한 듯하다.,,,,2000001
10155,1000001,10000009,100241,100242,100000008,,,입속 오른쪽 어금니에 음독자살을 위한 작은 캡슐이 있다.,,,,2000001
10156,1000001,10000009,100243,100244,100000008,,20,“음독을 못하게 막은 건가.. 스파이에 대해 잘 알고 있군.. 지휘관.”,,200000026,,2000001
10157,1000001,10000009,100233,100234,100000008,,,스파이는 몇번 음독을 하기위해 이를 꽉 물었지만 할 수 없음을 알고는포기한 듯한 표정을 짓는다.,,,,2000001
10158,1000001,10000009,100245,100246,100000008,,,손톱을 뽑자 기절했던 그는 억 하는 소리만을 내며음독을 위한 캡슐을 깨물려고 하는 것 같다.,,200000028,,2000001
10159,1000001,10000009,100233,100234,100000008,,,나는 정보를 얻기 전까지 이자의 손톱을 계속 뽑을 것이다.찝찝한 기분은 어쩔 수 없다. 나라고 고문이 좋은 것은 아니니..,,,,2000001
10160,1000001,10000010,100247,100248,100000012,,,‘이 전쟁은 세계 전쟁으로 번졌지만.. 처음엔 벨리에를 두고 일어난 것이다.따라서 벨리에의 민심을 확보하는 것도 중요한 일이다.’,,300000016,,2000001
10161,1000001,10000010,100249,100250,100000012,,,시찰을 통해 피해 규모와 사람들의 고통을 직접 봐야 할 것 같다.,,300000016,,2000001
10162,1000001,10000010,100251,100252,100000012,,,아무래도 전장의 한 가운데 있는 도시이다보니 아름다운 도시가 많이 무너져 내렸다.,,300000016,,2000001
10163,1000001,10000010,100253,100254,100000012,,21,“프란츠 제국의 병사분들이시군요.”,,300000016,200000029,2000001
10164,1000001,10000010,100255,100256,100000012,,21,“도시 시찰을 나오셨나보군요. 둘러보신 저희 벨리에는 어떠신가요?”,,300000016,200000029,2000001
10165,1000001,10000010,100257,100258,100000012,,21,“전쟁의 여파로.. 여기가 이렇게 된거죠..하지만 더 큰 상처는 바로 이곳 주민들의 마음속에 생겼죠.”,,300000016,200000029,2000001
10166,1000001,10000010,100259,100260,100000012,,21,“어서 돌아가시는게 좋을 것 같습니다.아시겠지만 이곳 사람들은 프란츠 제국에 호의적이지 않아요.”,,300000016,200000029,2000001
10167,1000001,10000010,100261,100262,100000012,,,신부와의 말을 마친 후 나는 다시 병사들을 이끌고 조용히 돌아간다.착잡하지만 벨리에의 시민들이 불편한 시선을 보내니.. 어쩔 수 없다.,,300000016,,2000001
10168,1000001,10000010,100261,100262,100000012,,21,“그렇죠. 당신들은 죄인이 아니죠. 하지만 이 곳 시민들에겐..이야기가 다르죠.”신부의 말이 점점 멀어지며 눈이 번쩍 뜨인다.,,300000016,200000029,2000001
10169,1000001,10000010,100263,100264,100000012,,21,“저희가 바라는게 보상이라고 생각하시나요?그 어떤 보상도 이들의 상처를 치유할 순 없습니다.”,,300000016,200000029,2000001
10170,1000001,10000010,100261,100262,100000012,,21,“뭘 해주실 수 없죠. 당연한 겁니다. 전부 신의 뜻에 맡겨야죠.”신부의 말이 점점 멀어지며 눈이 번쩍 뜨인다.,,300000016,200000029,2000001
10171,1000001,10000010,100261,100262,100000012,,21,“네. 전쟁도 시간이 지나면 옛이야기가 되고.. 이 불편한 시선들도 모두 사라지겠죠.”신부의 말이 점점 멀어지며 눈이 번쩍 뜨인다.,,300000016,200000029,2000001
10172,1000001,10000010,100265,100266,100000012,,,이쪽을 바라보는 시민들의 시선이 곱지 않다.. 날카로운 시선들이 나와 병사들을 향해 있다.,,300000016,,2000001
10173,1000001,10000010,100267,100268,100000012,,22,“안녕은..개뿔..씨이… 재수없게 어슬렁대지말고 썩꺼져!”,,300000016,200000030,2000001
10174,1000001,10000010,100269,100270,100000012,,21,"“니들이 뭘 알아! 하루종일 쾅쾅쾅..허구한날 폭탄이 머리위로 날라댕기는데, 그게 사람 사는거야?!”",,300000016,200000030,2000001
10175,1000001,10000010,100271,100272,100000012,,21,“이씨.. 죄송은 무슨.. 죄송하면 하질 말어야지! 입만열면 죄송죄송. 그게 진짜 죄송한거야?!”,,300000016,200000030,2000001
10176,1000001,10000010,100271,100272,100000012,,21,“뭐야.. 지금 해보자는거야? 태도가 아주 글러먹었구만.. 어이 그냥 썩꺼져! 이 도시에서 나가!”,,300000016,200000030,2000001
10177,1000001,10000010,100273,100274,100000012,,23,“아저씨.. 우리 아빠는 언제 돌아와요..? 아저씨들이랑 똑같은 옷을 입고 갔는데..”옷깃을 잡아당기는 작은 아이의 목소리가 들린다.,,300000016,200000031,2000001
10178,1000001,10000010,100261,100262,100000012,,,“전쟁이 끝나면 선물을 가득안고 돌아오실거란다. 착하게 잘 지내고 있으렴.”아이의 머리를 쓰다듬어 주다 눈이 번쩍 뜨인다.,,300000016,200000031,2000001
10179,1000001,10000010,100261,100262,100000012,,,“미안하다. 아저씨도 알 수가 없단다.. 살았는지 돌아가셨는지..”아이의 울음소리와 함께 눈이 번쩍 뜨인다.,,300000016,200000032,2000001
20001,1000002,10000001,200001,200002,100000001,,,“박사. 왜 우주 기술 연구부에 저를 데리고 온 것입니까?”,,300000009,,2000001
20002,1000002,10000001,200003,200004,100000001,,2,“예를 들어 우주선의 기술은 미사일의 기술과도 유사하네.이곳에서의 기술이 도움이 많이 될 걸세.”,,300000009,200000006,2000001
20003,1000002,10000001,200005,200006,100000001,,,잘 정리된 새하얀 연구실에 방호복을 입고 들어선다.,,300000009,,2000001
20004,1000002,10000001,200007,200008,100000001,,,동물 울음 소리가 들린다.,,300000009,,2000001
20005,1000002,10000001,200009,200010,100000001,1000000025,,“이게 왠 원숭이 소리입니까?”,,300000009,,2000001
20006,1000002,10000001,200011,200012,100000001,,2,“흠 아마 로켓관련 기술인 것 같은데..이거 연구 결과만 좋으면 탄도 미사일로서 사용도 가능하겠는걸?”,,300000009,200000006,2000001
20007,1000002,10000001,200013,200014,100000001,,2,"“포물선을 그리면서 적을 요격할 수 있는 미사일이지,지구를 중심으로 궤도 역학적으로 타격하다보니 요격도 어렵지.”",,300000009,200000006,2000001
20008,1000002,10000001,200015,200016,100000001,,2,“뭐 그렇네. 내가 조금 더 도와주면 빨리 기술이 완성될 것 같네.내 좀 남아서 도와줘야 겠구만.”,,300000009,200000006,2000001
20009,1000002,10000001,200017,200018,100000001,,2,“하지만 어쩔 수 없네. 기술의 안정성이 확인되지 않았는데바로 인간을 대상으로 실험을 할 순 없는 것 아닌가?”,,300000009,200000006,2000001
20010,1000002,10000001,200019,200020,100000001,,2,“그럼 그렇다고 해서 기술의 안정성이 확인되지 않았는데바로 인간을 대상으로 실험을 진행 할 수 없는 것 아닌가?”,,300000009,200000006,2000001
20011,1000002,10000001,200021,200022,100000001,,2,“모든 과학적 발견과 발전이 이런 윤리적인 딜레마를 겪으며 진행되는 걸세.더 나은 미래를 위한 희생에 감사하는 마음을 늘 가져야 하는 것 이지.”,,300000009,200000008,2000001
20012,1000002,10000001,200023,200024,100000001,,2,“모든 생명은 소중하다라.. 과학의 발전은 그런식으로 이루어지지 않네.발전에는 희생이 따르는건 불가항력이네.”,,300000009,200000010,2000001
20013,1000002,10000001,200025,200026,100000001,1000000024,,“이게 왠 강아지 소리입니까?”,,300000009,,2000001
20014,1000002,10000001,200027,200028,100000001,,2,“인공 중력 기술인 것 같네만. 완성되면 중성자 수류탄이나 중력 구속탄 같은 기술들의안정성이 더 높아지게 할 수 있을 것 같네.”,,300000009,200000006,2000001
20015,1000002,10000001,200029,200030,100000001,,2,"“초창기엔 원심력을 이용했는데, 그 이후 전자기력을 통해,그리고 지금은 중성자를 이용했네.”",,300000009,200000006,2000001
20016,1000002,10000001,200015,200016,100000001,,2,“이 분야는 아인슈타인 박사가 전문이긴 한데.. 한번 연락해서 도움을 구할 수 있나 봐야겠네.”,,300000009,200000006,2000001
20017,1000002,10000001,200017,200018,100000001,,2,"“그렇다고 인간에게 실험할 수 없을 뿐더러,이런 기술이 없다면 추후 고통받는 인간이 나올지는 모르는 일이네.”",,300000009,200000010,2000001
20018,1000002,10000002,200031,200032,100000001,,,통신을 위한 인공위성을 놓고 우주기술연구부의 수석 연구원과병과학전략화사령부 장관님이 이야기를 나누고 있다.,,300000009,,2000001
20019,1000002,10000002,200033,200034,100000001,,24,“어. 잘왔네. 다른게 아니라 여기 크리티앙 박사가말이 안통해서 자네의 의견을 듣고자 불렀네.”,,300000009,200000033,2000001
20020,1000002,10000002,200035,200036,100000001,,25,"“하.. 이건 통신을 위해 만든 위성입니다.그만큼 무게는 가볍고, 크기는 작게 만들기 위해 노력했죠.”",,300000009,200000034,2000001
20021,1000002,10000002,200037,200038,100000001,,25,“장관님 말씀대로 여기에 레이더 장비와 무기를 탑재한다면본래의 기능도 못할 가능성이 높습니다. 애초에 그렇게 설계된 위성이 아니니까요.”,,300000009,200000034,2000001
20022,1000002,10000002,200039,200040,100000001,,24,“자네도 알지만 난 병과학전략화사령부 장관이네.내가 기술에 문외한도 아니고 무리한 부탁을 하는 거겠는가?회로만 좀 만지면 될텐데 말이야.”,,300000009,200000033,2000001
20023,1000002,10000002,200041,200042,100000001,,25,“회로만 만지면 되는게 아니라 그에 맞게 에너지 공급 모듈은 물론그에 맞는 장비들을 갖춰야 하는데 그럼 새로 다시 만들어야 하는 수준입니다.”,,300000009,200000034,2000001
20024,1000002,10000002,200043,200044,100000001,,,"“다시 만들어야 하는 수준이라면, 지금까지의 제작비용은 물론앞으로 다시 만들 인공위성 비용까지, 너무 많은 비용이 들어갑니다.”",,300000009,,2000001
20025,1000002,10000002,200045,200046,100000001,,24,“뭐.. 확실히 그렇네만. 내 아쉬워서 그런 것이지.. 무리한 요구를 하려고 한 건 아니네.”,,300000009,200000033,2000001
20026,1000002,10000002,200045,200046,100000001,,24,“아니.. 뭐 이미 큰 금액이 들어갔으니..회로 좀 바꾸고 모듈을 좀 달고 하는거면 큰 차이가 안날 것 같아서 그랬네..뭐.. 알겠네.”,,300000009,200000033,2000001
20027,1000002,10000002,200047,200048,100000001,,,“확실히 기술에 문외한인 제가 보아도 이 작은 위성에 레이더나무기를 달려면 큰 금액이 들어갈 것으로 보입니다.”,,300000009,,2000001
20028,1000002,10000002,200045,200046,100000001,,24,"“그렇게 보이나..? 뭐 회로만 바꾸면 된다는 솔직히 좀 과장한 것이긴 하네만,그렇게 어렵지 않을 것 같은데.. 알겠네..”",,300000009,200000033,2000001
20029,1000002,10000002,200045,200046,100000001,,24,“흠..흠.. 뭐 그렇게 까지 하나.. 아니 뭐 안되면 안되는거지..뭐 내가 이해 못하는 것도 아니고. 내가 뭐 무리한 부탁 하려한것도 아닐세.”,,300000009,200000033,2000001
20030,1000002,10000002,200049,200050,100000001,,24,"“이미 여기 들어간 비용이 얼마인지 생각해보게, 그냥 거기에 레이더 장비,소형 레이저 무기 장비만 탑재하고, 연동하는 발사체는 나중에 쏘아올리면 되네.”",,300000009,200000033,2000001
20031,1000002,10000002,200051,200052,100000001,,,“이미 저메니에는 군용 위성이 저희 군용 위성 수를 뛰어 넘었습니다.지금 기술 경쟁에서 밀린다면 전투에서도 큰 디메리트를 안고 싸우는게 될 것 입니다.”,,300000009,,2000001
20032,1000002,10000002,200053,200054,100000001,,24,“걱정말게. 그 부분은 내가 어떻게든 해결해주겠네!”,,300000009,200000033,2000001
20033,1000002,10000002,200055,200056,100000001,,25,“하.. 최대한 해볼 수는 있습니다만.. 이게 잘 작동 될지는 미지수입니다.그렇게만 알아두세요.”크리티앙 박사의 표정이 좋지 않다.,,300000009,200000034,2000001
20034,1000002,10000002,200057,200058,100000001,,,“확실히 무기를 이 위성엔 설치 못할 것 같으니레이저 장비를 설치하고 이후 요격용 위성 등을 올리면 될 것 같습니다.”,,300000009,,2000001
20035,1000002,10000002,200059,200060,100000001,,24,"“내 말이 그 말이네, 지금 조금 돈 투자 하는 것으로 다음 군용 위성들은 금액을 아낄 수 있고,무엇보다 좋은 무기 시스템을 갖추게 될걸세.”",,300000009,200000033,2000001
20036,1000002,10000003,200061,200062,100000011,1000000002,2,“어서오게! 지휘관!”시끄러운 발소리와 함께 박사는 정리가 안된 서류더미와 연구 장비속에서 튀어 나온다.,,300000003,200000008,2000001
20037,1000002,10000003,200063,200064,100000011,,2,“새로운 무기가 만들어졌기 때문에 보자고 한거지.”,,300000003,200000008,2000001
20038,1000002,10000003,200065,200066,100000011,1000000026,2,박사는 큰 천을 확소리가 나게 걷었고 큰 위성의 모습이 들어 났다.박사 : “우주 레일건 위성이라고 하네.”,,300000003,200000008,2000001
20039,1000002,10000003,200067,200068,100000011,,2,“뭐 딱 이름만 들어도 뭐 하는 건지 아는게 좋지 않은가!”,,300000003,200000008,2000001
20040,1000002,10000003,200069,200070,100000011,,2,“사실상 핵폭탄의 8배에 달하는 위력에 사용 이후 큰 EMP는 있지만그것 외에는 전혀 오염물질 없는 순수 에너지 무기네.”,,300000003,200000006,2000001
20041,1000002,10000003,200071,200072,100000011,,2,"“면적당으로 따지면 많이 집중되어 있네, 한점에 큰타격을 주고주변으로는 그 폭발의 여파로 피해를 입히는거지.”",,300000003,200000006,2000001
20042,1000002,10000003,200073,200074,100000011,,2,“한번 발사로 도시하나는 가루로 만들어 버릴 수 있네.그리고 그 도시 근방 20km까지 EMP폭풍에 휘말리게 할 수 있네.”,,300000003,200000006,2000001
20043,1000002,10000003,200075,200076,100000011,,2,“그래 어차피 지금 바로 사용하는 것도 아니고 띄워놓는 정도는 괜찮지 않나!”,,300000003,200000008,2000001
20044,1000002,10000003,200077,200078,100000011,,2,“그런가. 자네 뜻이 그렇다면 발사하지 않겠네.”,,300000003,200000006,2000001
20045,1000002,10000003,200079,200080,100000011,,2,"“순수한 에너지 광선일세, 이 광선의 안에 인간이 있다면고통도 느끼지 못하고 엄청난 열에 그대로 녹아버릴걸세.”",,300000003,200000006,2000001
20046,1000002,10000003,200081,200082,100000011,,2,“줄일 수는 있네. 다만 더 작은 범위로 모아서 에너지를 방출하는 것이라아마 그 범위가 아예 증발 해 버릴걸세.”,,300000003,200000010,2000001
20047,1000002,10000003,200083,200084,100000011,,2,“핵폭탄이 금지된 이유는 폭발 이후 발생하는 오염 물질들 때문이네.이건 오염없는 순수 에너지라 문제 될 것은 없다고 생각하네만..”,,300000003,200000010,2000001
20048,1000002,10000003,200085,200086,100000011,,2,“레일건 내부에 초전도체를 이용해 발생하는 순수한 에너지를 한점에 방출 하는 방식으로굉장히 높은 열과 전자기 펄스가 폭발 지점에서 발생하네.”,,300000003,200000006,2000001
20049,1000002,10000003,200087,200088,100000011,,2,“일단 핵폭탄 같은 폭발 이후 오염 물질이 전혀 없기 때문에세계의 비난을 받을 이유도 없다고 생각되네.”,,300000003,200000006,2000001
20050,1000002,10000003,200089,200090,100000011,1000000003,,“레이저가 지면에 닿아 폭발할 때 발생하는 온도는 1억 도가 넘는다.다행인 점은 오히려 레이저가 지면에 닿는 시간이 1초 정도 라는 것이다.”,,300000003,,2000001
20051,1000002,10000003,200089,200090,100000011,1000000003,,“..이건 악마가 만든 무기가 확실하다. 레이저에 닿은 실험용 쥐가재도 남지 않고 말그대로 녹아버렸다. 심지어 타는 냄새 조차 남지 않았다.”,,300000003,,2000001
20052,1000002,10000003,200093,200094,100000011,,2,“그렇긴 하네만 이정도 되야 큰 한방 아닌가.”,,300000003,200000010,2000001
20053,1000002,10000003,200095,200096,100000011,,2,“그래서 지면에 닿는 시간을 1초 정도로 제한 해 둔거네.”,,300000003,200000010,2000001
20054,1000002,10000004,200097,200098,100000008,,1,“지휘관님. 우주기술연구부에서 내려온 공문입니다.”,,300000001,200000001,2000001
20055,1000002,10000004,200099,200100,100000008,,,"“1일전 벨리에 지역에 운석 충돌 감지,운석의 비이상적 에너지 발산을 포착하여 해당 운석을 회수바람..”",,300000001,,2000001
20056,1000002,10000004,200101,200102,100000008,,1,“에너지의 정체도 알지 못하지만 지금 저메니가 이를 노리고 있는지도 알 수 없습니다.”,,300000001,200000005,2000001
20057,1000002,10000004,200103,200104,100000008,,1,“박사의 조사에 따르면.. 방출 되고 있는 에너지는 방사성 에너지로대부분 감마선으로 이루어져 있다고 합니다.”,,300000001,200000001,2000001
20058,1000002,10000004,200105,200106,100000008,,1,“회수하는 인원은 반드시 입어야겠지만 경계 인원들은 입지 않아도 될 것이라고 합니다.”,,300000001,200000001,2000001
20059,1000002,10000004,200107,200108,100000008,1000000027,1,“제롬 상사로 부터 전언 입니다.저메니 항공우주전략부도 이를 알고 회수작전을 준비하고 있다고 합니다.”,,300000001,200000005,2000001
20060,1000002,10000004,200109,200110,100000008,,1,“그것까진 알 수 없으나.. 서두르고 있다고는 합니다.”,,300000001,200000005,2000001
20061,1000002,10000004,200111,200112,100000008,,1,“허나 걱정되는 것은 해당 지역이 분쟁이 한창인 지역이라 자칫 잘못하면바로 무력충돌로 이어져 주민들이 있는 지역에서 전투가 발생 할 수 있습니다.”,,300000001,200000005,2000001
20062,1000002,10000004,200113,200114,100000008,,1,“방법이 많지 않습니다. 최대한 서둘러 저메니가 해당 지역에 오기 전에 회수하거나..아예 운석을 포기하는 것 입니다.”,,300000001,200000001,2000001
20063,1000002,10000004,200115,200116,100000008,,,“지금 당장 필요한 것들 챙겨서 출발 하도록 하지.”,,300000001,,2000001
20064,1000002,10000004,200117,200118,100000008,,,“우주기술연구부에 위험한 작전이 될 것으로 판단되어 수행할 수 없다는 전문을 보내게.”,,300000001,,2000001
20065,1000002,10000004,200119,200120,100000008,,,“이 운석이 뭔진 몰라도 분명 저메니의 손에 넘어가게 해선 안될 것 같네.이게 전쟁을 좌지우지할 것이라고 여기진 않네만 분명 미래에는 가치가 있을 거야.”,,300000001,,2000001
20066,1000002,10000004,200121,200122,100000008,,1,“그렇게 되면 회수를 진행하는 인원은 보호복 착용이 어렵습니다.”,,300000001,200000005,2000001
20067,1000002,10000004,200123,200124,100000008,,1,“회수인원은 몇명으로 하면 되겠습니까?”,,300000001,200000001,2000001
20068,1000002,10000005,200125,200126,100000013,1000000027,,"한창 회의를 진행하고 있는 중, 비프음과 함께 컴퓨터의 수신기에서 암호문이 출력된다.",,300000001,,2000001
20069,1000002,10000005,200127,200128,100000013,1000000003,1,“스파이로 활동 중인 제롬 상사의 보고 입니다.저메니가 무기를 탑재한 군사용 인공위성을 띄울 계획이라고 합니다.”,,300000001,200000001,2000001
20070,1000002,10000005,200129,200130,100000013,,1,“제롬 상사의 보고에 의하면 필요하다면연구소에 침투해 연구소를 폭파 시킬 수 있다고 합니다.”,,300000001,200000001,2000001
20071,1000002,10000005,200131,200132,100000013,,1,"“발사 될때 탄도 미사일로 폭파시키는 방법이 있습니다만,연합군과의 상의 없는 선제 공격으로 간주될 수 있어 추천드리기 어렵습니다.”",,300000001,200000001,2000001
20072,1000002,10000005,200133,200134,100000013,,1,“사실상 스파이 작전은 표면적으로 확실히 증거가 잡히지 않는다면연합국도 모른척 하기 때문에 인공위성을 저지하려면 방법이 많지 않습니다.”,,300000001,200000005,2000001
20073,1000002,10000005,200135,200136,100000013,,1,“선전포고 없이 바로 폭파 시킬 계획이니..연구소 내부에 있는 모든 사람들이 희생될 가능성이 높습니다.”,,300000001,200000005,2000001
20074,1000002,10000005,200137,200138,100000013,,,“우린 그정도로 비인간적인 집단은 아니네.폭파 규모를 줄이거나 대피할 시간 정도는 줘야 한다고 생각하네.”,,300000001,,2000001
20075,1000002,10000005,200139,200140,100000013,,1,“그럼 서서히 붕괴되게 폭발물과 폭파할 기둥을 조절 하라고 전달 하겠습니다.”,,300000001,200000001,2000001
20076,1000002,10000005,200141,200142,100000013,,,“많은 시간을 준다면 대책이나 기술을 가지고 나갈 가능성이 있으니최소한의 시간만 주고 폭파 전 시설내에 알리도록 전달하게.”,,300000001,,2000001
20077,1000002,10000005,200143,200144,100000013,,,“위성무기는 방어하기 까다롭네.자네도 몇번의 전투를 치뤄봤으니 그 위력이나 성능을 보지 않았는가.”,,300000001,,2000001
20078,1000002,10000005,200145,200146,100000013,,,“저메니가 이 기술을 가져선 안되네.그러고 싶진 않지만 탈출에 성공한 연구원들도 모두 제거하도록 전달하게.”,,300000001,,2000001
20079,1000002,10000005,200147,200148,100000013,,1,“그럼 제롬 상사의 작전대로 진행하라고 전달하도록 하겠습니다.”,,300000001,200000001,2000001
20080,1000002,10000005,200149,200150,100000013,,,“그걸 통해서 우리가 얻을 수 있는 이익이 있는가?제롬 상사라면 폭파만 염두해 두고 있진 않을 것이네.”,,300000001,,2000001
20081,1000002,10000005,200151,200152,100000013,1000000003,1,“승인만 있다면 폭파 전에 연구소의 메인서버실로 가서기술 정보를 가지고 올 계획이라고 합니다.다만 발각될 위험부담이 조금 더 올라간다고 합니다.”,,300000001,200000005,2000001
20082,1000002,10000005,200153,200154,100000013,,,"“확실히 위험부담은 따르지만.. 그만큼 가치 있는 정보일걸세.알겠지만 지금은 기술, 정보 등이 전쟁에 얼마나 도움이 되는지 가늠이 안될 정도네.”",,300000001,,2000001
20083,1000002,10000005,200155,200156,100000013,,,“괜한 욕심 부렸다가 적의 군사력이 올라가는 것을 막지 못하게 되는 것 만큼멍청한 짓은 없네. 폭파 작전에만 진행하도록 전달해 주게.”,,300000001,,2000001
20084,1000002,10000005,200157,200158,100000013,,1,“폭파 작전은 진행하면서 연구원 포로로 잡아오는 것은 힘들 것 같습니다.제롬 상사의 팀이 규모가 있는 팀도 아닌 스파이 팀이니 말입니다.”,,300000001,200000005,2000001
20085,1000002,10000005,200159,200160,100000013,,1,“그럼 제롬 상사에게 일단 그렇게 전달해 놓겠습니다.하지만 조금 힘들지 않을까 싶습니다.”,,300000001,200000005,2000001
20086,1000002,10000005,200161,200162,100000013,,,“연구 책임자만 데리고 온다고해도.. 은밀해야 하는 작전에 부담만 늘어나겠지.알겠네 제롬 상사의 작전대로 진행하라고 전달하게.”,,300000001,,2000001
20087,1000002,10000006,200163,200164,100000001,,,"전쟁 전, 전 세계는 우주 기술을 두고 패권 다툼을 했었다.프란츠는 그 일환으로 우주 비행사들을 우주로 보냈고, 오늘 그들이 돌아왔다.",,300000009,,2000001
20088,1000002,10000006,200165,200166,100000001,,2,“뭘 그렇게 긴장하는가? 그 자들도 똑같은 사람이거늘.그리고 그들이 중요한게 아니고 그들이 가져온 우주 방사성 입자가 중요하네.”,,300000009,200000006,2000001
20089,1000002,10000006,200167,200168,100000001,,2,“뭐 나야 우주비행사 양반들을 몇번 만나봤으니까.그보다 병과학전략화사령부 입장에서 이 입자를 어떻게 사용할지 논의 해야하네.”,,300000009,200000006,2000001
20090,1000002,10000006,200169,200170,100000001,,2,“에너지 분야나 유전학 분야 중에서 선택해 볼 수 있겠지.입자의 양이 많지 않으니 두가지 모두 활용하는건 무리가 있네.”,,300000009,200000006,2000001
20091,1000002,10000006,200171,200172,100000001,,2,“방사성 에너지들을 활용한 무기나 발전시설 등이 이미 많이 있지만이건 입자 자체가 기존의 방사성 입자들과 다르네. 그리고 발산 에너지양도 훨씬 많지.”,,300000009,200000006,2000001
20092,1000002,10000006,200173,200174,100000001,,2,"“방사능은 노출되면 심각한 피해를 입네, 하지만 이 우주 방사성 입자는노출된 생물의 감각과 신체능력을 크게 향상하는 모습을 보였네.”",,300000009,200000007,2000001
20093,1000002,10000006,200175,200176,100000001,,2,박사와의 대화 도중 우주 방사성 입자가 담긴 캐리어가 모습을 보인다.“우주비행사와의 만남은 없나보군. 자 그럼 이걸 어떻게 사용할지 정해야겠군.”,,300000009,200000010,2000001
20094,1000002,10000006,200177,200178,100000001,,2,"“알겠지만 자원이 들어갈 걸세, 그래서 하나 선택을 해줘야 할텐데..무기, 발전시설 둘중 하나만 선택할 수 있을 것 같네.”",,300000009,200000006,2000001
20095,1000002,10000006,200179,200180,100000001,,2,“알겠네. 일단 우주 방사성 입자로 원자로를 구성해서 소형원자로 레일건을 구상해보겠네.”,,300000009,200000006,2000001
20096,1000002,10000006,200181,200182,100000001,,2,"“알겠네. 일단 원자력 발전소에 대응해서 발전소를 만들어보고,에너지 효율이 좋으면 에너지 공급은 물론 주변국에 판매까지 가능하겠군.”",,300000009,200000006,2000001
20097,1000002,10000006,200183,200184,100000001,,2,“강화 인간 분야를 연구해 볼 수 있겠는데.. 중요한게 아직 안전성이 검증되지 않았다는 거네.”,,300000009,200000010,2000001
20098,1000002,10000006,200185,200186,100000001,,2,“뭐 알겠네. 처음은 동물실험 부터 진행하면 되는거니까.아마 지금까지 보고서를 보면 크게 부정적인 효과는 없는 것 같네.”,,300000009,200000006,2000001
20099,1000002,10000006,200187,200188,100000001,,2,“그러도록 하지. 일단 안전성 검증이 먼저네. 확인되는 대로 다시 보고서를 올리도록 하겠네.”,,300000009,200000006,2000001
20100,1000002,10000007,200189,200190,100000011,,,‘어쩌다 일이 이렇게 된걸까..’옆좌석을 바라보니 운전대를 잡은 슈뢰딩거 박사가 식은 땀을 흘리고 있다.,,300000023,,2000001
20101,1000002,10000007,200191,200192,100000011,,2,2시간 전.“지휘관. 이건 인공 중력기술을 바탕으로 만든 반중력 장치가 탑재된 전차네.”,,300000022,200000006,2000001
20102,1000002,10000007,200193,200194,100000011,,2,“공중에 뜨는 것은 물론 이동에 소음도 없고 빠르니 은밀하게 움직일 수 있지.그리고 접근성을 높이기 위해 일반 자동차와 같은 운전시스템을 차용했네.”,,300000022,200000008,2000001
20103,1000002,10000007,200195,200196,100000011,1000000007,2,“그래! 한번 타보면 알걸세. 올라타보게.”박사는 호기롭게 운전석에 탔다.,,300000022,200000008,2000001
20104,1000002,10000007,200197,200198,100000011,,,다시 현재. 박사가 모는 전차는 빠른 속도로 산위를 올라가고 있다.“박사 이대로 간다면.. 우린 저메니의 한 가운데로 들어가는 것입니다.”,,300000023,,2000001
20105,1000002,10000007,200199,200200,100000011,,2,“오.. 그래.. 그래야지.. 브레이크가.. 오른쪽 작은페달인가?”,,300000023,200000035,2000001
20106,1000002,10000007,200201,200202,100000011,,,앞쪽에 큰 바위가 보이지만 전차는 속도가 줄었지만 생각보다 좀처럼 느려지지 않는다.,,300000023,,2000001
20107,1000002,10000007,200203,200204,100000011,1000000007,2,순간 급 감속을 하며 몸이 앞으로 쏠렸으나 전차는 바위 앞에 멈췄다.“미..미안하네. 내가 운전을 해본적 없다는걸 깜빡했네.”,,300000023,200000036,2000001
20108,1000002,10000007,200205,200206,100000011,1000000028,,핸들이 꺾어지며 정면으로 바위를 들이받지는 않았지만전차가 기울어질 정도로 강하게 바위에 부딪혔다.,,300000023,,2000001
20109,1000002,10000007,200207,200208,100000011,,,전차의 속도가 더 빨라지고.. 눈 앞에 큰 바위가 보인다.“아.. 아니! 잘못 말했습니다! 왼쪽 큰 페달..! 왼쪽 페달을 밟아야 합니다!”,,300000023,,2000001
20110,1000002,10000007,200209,200210,100000011,1000000028,,멈추기엔 늦었다. 전차는 빠르게 바위를 들이 받았다.다행이 전차의 두꺼운 강철판들 덕분인지 밖으로 튕겨져 날아가진 않았다.,,300000023,,2000001
20111,1000002,10000007,200211,200212,100000011,,,바위에 부딪히기전 나는 빠르게 손을 뻗어 핸들을 꺾었다.정면이 아닌 측면으로 바위에 돌진해 전차는 뒤집혔다.,,300000023,,2000001
20112,1000002,10000007,200213,200214,100000011,,,다행히 향하는 방향은 저메니 쪽이 아니게 되었다..그러나 여전히 위태롭게 산길을 계속 달리고 있다.,,300000023,,2000001
20113,1000002,10000007,200215,200216,100000011,,,전차는 서서히 느려지기 시작했다.박사의 다리가 떨리는지 전차가 움찔움찔하며 느려지는 것이 느껴진다.,,300000023,,2000001
20114,1000002,10000007,200217,200218,100000011,,2,전차는 서서히 멈추었고 기어를 조정하자 완전히 멈춰섰다. “미..미안하네. 내가 운전을 해본적 없다는걸 깜빡했네.”,,300000023,200000036,2000001
20115,1000002,10000007,200219,200220,100000011,1000000028,,"“박사, 일단 전차에 내리십시오.”한 숨 돌리고 있을 때, 전차는 서서히 산길 아래로 달려가 큰 나무를 들이 받았다.",,300000023,,2000001
20116,1000002,10000007,200221,200222,100000011,,2,“아.. 알겠네.”박사는 앞쪽에 눈을 때지 못하고 핸들을 꽉잡고 있다.,,300000023,200000035,2000001
20117,1000002,10000007,200223,200224,100000011,,,다행히 속도가 많이 줄어있는 상태여서 그런지강제로 기어를 조정하자 전차는 반동과 함께 멈춰섰다.,,300000023,,2000001
20118,1000002,10000007,200225,200226,100000011,1000000029,,살짝 뜬채 달리던 전차는 지면에 떨어져 시끄러운 소리와 함께 바닥에 끌리고는 멈춰섰다.,,300000023,,2000001
20119,1000002,10000008,200227,200228,100000007,,,전시사령부의 회의장. 좀처럼 우주기술연구부 장관과 전시사령부 장관의 의견이좁혀지지 않고 부딪히기를 반복한다.,,300000015,,2000001
20120,1000002,10000008,200229,200230,100000007,,26,“우주진출을 위해서 만든 인공인류가 비록 로봇이라 해도이들을 전장의 사지로 내모는 것은 안됩니다.”,,300000015,200000037,2000001
20121,1000002,10000008,200231,200232,100000007,,27,"""하지만 이들을 투입한다면 얼마나 많은 병사들의 희생을 줄일 수 있을지 생각해 보았는가?인간의 생명과 생명도 없는 로봇, 어떤 것이 더 소중한가?”",,300000015,200000038,2000001
20122,1000002,10000008,200233,200234,100000007,,27,“그러나 이들은 인간이 아니지 않소? 인간의 모습을 하고 있다고 모두 인간이라면내 딸이 가지고 있는 인형도 인간이오?”,,300000015,200000038,2000001
20123,1000002,10000008,200235,200236,100000007,,27,“하지만 그게 진짜 사고가 아닌 우리 인간이 만든 프로그램으로 이루어진 명령어 덩어리이지어찌 진짜 사고라고 할 수 있소?”,,300000015,200000038,2000001
20124,1000002,10000008,200237,200238,100000007,,26,"“그 점은 우리도 인지하고 있네. 하지만 군사용으로 사용 된다면 일어날 피해 우려들이 크네.기술 유출이나 비용, 윤리적 문제라던지 말이네.”",,300000015,200000037,2000001
20125,1000002,10000008,200239,200240,100000007,,26,“우주용 인공인류는 우리 프란츠의 독자적인 기술이네.그런데 이게 저메니의 손에 넘어간다면 우린 기술의 독보적 입지를 잃게 되는거네.”,,300000015,200000037,2000001
20126,1000002,10000008,200241,200242,100000007,,27,“지금 혹시 우리가 전에 인공인류 프로젝트를 반대할때비용과 윤리적 문제를 들었다고 그걸 그대로 말하는 건가?”,,300000015,200000038,2000001
20127,1000002,10000008,200243,200244,100000007,,26,“가장 중요한 것은 이제 인공인간들은 감정을 시스템으로서 인간과 유사하게 느낄 수 있네.”,,300000015,200000037,2000001
20128,1000002,10000008,200245,200246,100000007,,26,"“그렇네. 이들도 공포와 두려움을 알고, 편안함과 행복을 알고 있네.이들에게 총을 쥐어준다는건.. 말도 안되네!”",,300000015,200000037,2000001
20129,1000002,10000008,200247,200248,100000007,,26,"“당연하지! 자네가 생각하는 것처럼 모방한 것이 아냐. 직접 사고하며,그걸 토대로 감정이란 것을 느끼는 것이네. 인간과 비슷한 구조로 말이야.”",,300000015,200000037,2000001
20130,1000002,10000008,200249,200250,100000007,,27,“아니.. 지휘관 자네까지 그러면 어떡하나. 전쟁은 그런 감성적인 영역이 아니고전력에 도움이 된다면 원숭이라도 써야 하는 것 아닌가!”,,300000015,200000038,2000001
20131,1000002,10000008,200251,200252,100000007,,,"“냉정하게 그냥 일반 병사에 들어가는 비용과 인공인간에 들어가는 비용을 생각했을때,인공인간 쪽이 비효율적으로 돈이 많이 들어갑니다.”",,300000015,,2000001
20132,1000002,10000008,200253,200254,100000007,,,“우기연 장관님 말씀대로 인공인간 시장은 현재 프란츠의 독무대나 다름 없습니다.이를 저메니에 뺏긴다면.. 전쟁이 끝난 후에도 우린 큰 자산을 잃는 것입니다.”,,300000015,,2000001
20133,1000002,10000008,200255,200256,100000007,,27,"“그렇네. 감정과 사고 기능을 배제한,명령 만을 수행하는 로봇이라면 아무 문제 없는 것 아닌가?”",,300000015,200000038,2000001
20134,1000002,10000008,200257,200258,100000007,,27,"“인공인간 한개가 병사 몇명을 대체 할 수 있는 줄 아는가? 무려 5~6명이네,이들에게 들어가는 자원과 인공인간의 자원을 고려하면 꽤 괜찮다고 보네.”",,300000015,200000038,2000001
20135,1000002,10000008,200259,200260,100000007,,27,“그건 유출되지 않게 자폭 시스템을 구축하면 되네.아예 파괴가 된다면 폭발해버리게 한다면.. 그럼 문제 없지 않은가!”,,300000015,200000038,2000001
20136,1000002,10000009,200261,200262,100000011,,2,“지휘관. 자네가 지난번에 요청했던 초음속 전투기 개발이 끝났네.로켓기술을 접목해서 만들었다네.”,,300000003,200000006,2000001
20137,1000002,10000009,200263,200264,100000011,,2,"“비용이 많이 높은 편이긴 하다네. 그러나 이름 그대로 초음속으로 날 수 있고,조종석 쪽으로 인공 중력기술이 들어가서 파일럿의 부담도 크지 않네.”",,300000003,200000006,2000001
20138,1000002,10000009,200265,200266,100000011,,2,“인간의 몸으로 초음속에 도달할 때의 중력 가속도를 그대로 맞으면말 그대로 몸이 박살 날 수 있네.”,,300000003,200000006,2000001
20139,1000002,10000009,200267,200268,100000011,,2,“하하! 지휘관! 나를 뭘로 보고 그런말 하는가!당연히 충분한 실험 결과를 통해 안전성을 확인 했지!”,,300000003,200000008,2000001
20140,1000002,10000009,200269,200270,100000011,1000000003,,“보고서에는 스텔스 기능을 빼기로 한것으로 보이는데 그 이유가 있습니까?”,,300000003,,2000001
20141,1000002,10000009,200271,200272,100000011,1000000003,2,“일단 그 다음장을 보면 알겠지만 초음속에 도달 할때 소닉붐이라는 큰 충격파를 발생하네.그래서 암행에는 적합하지 않다는 결론을 내렸네.”,,300000003,200000006,2000001
20142,1000002,10000009,200273,200274,100000011,1000000003,,"“연구 자료에는 강한 충격파 발생과 200데시벨 이상의 소음 발생이라고 되어있는데,그럼 본래 제작 의도인 암행용 초음속 전투기가 아닌것 아닙니까?”",,300000003,200000006,2000001
20143,1000002,10000009,200275,200276,100000011,,2,“우리도 그것들을 줄일 방법에 대해 많은 실험을 거쳤네.지금은 그게 최대한 줄여놓은 것 이네.”,,300000003,200000010,2000001
20144,1000002,10000009,200277,200278,100000011,,2,"“폭격용이나, 전면전, 직접타격 등 암행 이외에는 충분히 활약할 수 있는 전투기네.”",,300000003,200000006,2000001
20145,1000002,10000009,200279,200280,100000011,,,"“개발하시느라 수고 많았습니다만, 사용성과 비용적 측면을 생각하면 도입은 어렵겠습니다.”",,300000003,,2000001
20146,1000002,10000009,200281,200282,100000011,,,“다른 전투기들보다 압도적으로 빠르니..전투에 우위를 가지고 오는 것은 확실할 것으로 보입니다.”,,300000003,,2000001
20147,1000002,10000010,200283,200284,100000008,1000000010,28,“지금 세계적으로 사용되고 있는 1인 잠수정 노틸러스에 대해서는 잘 알고 계실 것입니다.”,,300000012,200000039,2000001
20148,1000002,10000010,200285,200286,100000008,,,연구원은 긴장했는지 손을 살짝 떨며 발표를 이어간다.‘지금 이 기술 세미나에 저메니의 스파이가 있다..’,,300000012,,2000001
20149,1000002,10000010,200287,200288,100000008,,,"사람들은 제각각 연구원의 발표에 집중하거나, 다른 것을 보고 있다.‘지금 이 기술 세미나에 저메니의 스파이가 있다..’",,300000012,,2000001
20150,1000002,10000010,200289,200290,100000008,,,세미나 3시간 전. 제롬 상사로 부터 이 세미나에폭발물을 설치하려는 스파이가 있을 것 이라는 전언을 받았다.,,300000012,,2000001
20151,1000002,10000010,200291,200292,100000008,,,무대 앞쪽으로 가 사람들의 얼굴을 자세히 보며 수상한 사람을 찾아본다.,,300000012,,2000001
20152,1000002,10000010,200293,200294,100000008,1000000010,28,“저희 우주기술연구부에서 개발한 우주복을 기반으로 만든 새로운 잠수복 입니다.그냥 입는 잠수함이라고 생각해도 좋을 만큼..”,,300000012,200000039,2000001
20153,1000002,10000010,200295,200296,100000008,1000000030,,연구원의 발표 속에서 신경을 곤두세워 라이터의 소리를 따라 그 자를 쫓는다.그 자는 주변을 두리번 거리곤 무대 뒤의 기계실로 들어간다.,,300000012,,2000001
20154,1000002,10000010,200297,200298,100000008,,,기계실에 기대어 귀를 대고 안쪽에서의 소리를 들어본다.누군가와 말하는 소리가 들린다. 일행이 있는 것 같다.,,300000012,,2000001
20155,1000002,10000010,200299,200300,100000008,1000000014,29,“뭐..뭐야! 그냥 몰래 담배 피려는 거였다구요!”쓰러진 남자는 큰소리로 억울하다며 소리쳤다.,,300000012,200000040,2000001
20156,1000002,10000010,200301,200302,100000008,1000000014,,경비와 들어간 기계실에서 대마초를 피우는 2명을 체포했다.마약은 범죄다! 그러나 이들은 스파이는 아닌 것 같다.,,300000012,,2000001
20157,1000002,10000010,200303,200304,100000008,1000000010,28,“저희 우주기술연구부에서 개발한 우주복을 기반으로 만든 새로운 잠수복 입니다.그냥 입는 잠수함이라고 생각해도 좋을 만큼..”,,300000012,200000039,2000001
20158,1000002,10000010,200305,200306,100000008,,,연구원의 발표 속에서 신경을 곤두세워 그의 말을 천천히 들어보았다.프란츠어를 굉장히 천천히.. 그리고 더듬거리며 사용한다.,,300000012,,2000001
20159,1000002,10000010,200307,200308,100000008,,,무방비하게 다른 연구원으로 보이는 사람과 이야기를 하고 있다.,,300000012,,2000001
20160,1000002,10000010,200309,200310,100000008,,,"“... 지금 이런 상황 입니다. 혹시 신원 확인 가능하겠습니까?”여권과 연구원증, 그리고 주변인의 신원확인을 통해 망명온 연구원임을 알았다.",,300000012,,2000001
20161,1000002,10000010,200311,200312,100000008,1000000014,,곧바로 팔을 꺾고 바닥에 그 자를 처박아 버렸다.그의 주머니에서 기폭장치가 발견되었다.,,300000012,,2000001
20162,1000002,10000010,200313,200314,100000008,,,세미나 3시간 전. 제롬 상사로 부터 이 세미나에폭발물을 설치하려는 스파이가 있을 것 이라는 전언을 받았다.,,300000012,,2000001
20163,1000002,10000010,200315,200316,100000008,,,무대의 측면으로 돌아가 사람들의 얼굴을 보며 수상한 사람을 찾아본다.,,300000012,,2000001
20164,1000002,10000010,200317,200318,100000008,1000000010,28,“저희 우주기술연구부에서 개발한 우주복을 기반으로 만든 새로운 잠수복 입니다.그냥 입는 잠수함이라고 생각해도 좋을 만큼..”,,300000012,200000039,2000001
20165,1000002,10000010,200319,200320,100000008,,,사람은 긴장을 하면 땀을 많이 흘린다.비 정상적으로 땀을 많이 흘린다는 것은.. 긴장을 하고 있다는 걸까?,,300000012,,2000001
20166,1000002,10000010,200321,200322,100000008,,,이 정도 거리라면 바로 제압하거나 할 수 있을 것 같다.,,300000012,,2000001
20167,1000002,10000010,200323,200324,100000008,,30,“자네가 그 지휘관이군. 반갑네. 나 로쉬 백작이네.”로쉬 백작은 더운지 헉헉 하며 이야기 한다.,,300000012,200000041,2000001
20168,1000002,10000010,200325,200326,100000008,1000000014,30,“지금 뭐하는 건가! 내가 누군지 알고!!”아뿔싸.. 로쉬 백작의 경호원들은 나를 붙잡고 세미나 밖으로 끌고 나간다.,,300000012,200000042,2000001
20169,1000002,10000010,200327,200328,100000008,1000000010,28,“저희 우주기술연구부에서 개발한 우주복을 기반으로 만든 새로운 잠수복 입니다.그냥 입는 잠수함이라고 생각해도 좋을 만큼..”,,300000012,200000039,2000001
20170,1000002,10000010,200329,200330,100000008,,,천천히 안대를 한 여성을 향해 걸어간다.계속해서 주변을 살피고 있다.,,300000012,,2000001
20171,1000002,10000010,200331,200332,100000008,,31,“왜 날 미행하는 거죠? 계속해서 제 뒤를 밟는 걸 제가 모를 것이라고 생각했습니까?”,,300000012,200000043,2000001
20172,1000002,10000010,200333,200334,100000008,,32,“그런 상황이군요. 바로 경계를 높이라고 전달하겠습니다.”여성은 병과학전략화사령부의 경비 대장이라고 자신을 소개한다.,,300000012,200000043,2000001
20173,1000002,10000010,200335,200336,100000008,1000000014,31,“이게 뭐 하는 짓입니까!”나는 그대로 업어치기를 당해 바닥에 나뒹굴게 된다.,,300000012,200000044,2000001
